Residual Error,Year,Happiness Rank,Country,Region,Happiness Score,GDP per capita,Social support,Life Expectancy,Freedom,Generosity,Trust
2.762835026,2020,1,Finland,Western Europe,7.808700085,10.63926697,0.954329729,71.9008255,0.949172199,-0.059482019,0.195444584
2.432740688,2020,2,Denmark,Western Europe,7.645599842,10.77400112,0.955990791,72.40250397,0.951444268,0.066201776,0.168489456
2.35026741,2020,3,Switzerland,Western Europe,7.559899807,10.97993279,0.942846596,74.10244751,0.921336651,0.105911039,0.303728431
2.460688114,2020,4,Iceland,Western Europe,7.504499912,10.77255917,0.974669576,73,0.948891878,0.246944219,0.711709738
2.168266296,2020,5,Norway,Western Europe,7.487999916,11.08780384,0.952486575,73.20078278,0.955750287,0.13453263,0.263218194
2.352117062,2020,6,Netherlands,Western Europe,7.448900223,10.81271172,0.93913883,72.30091858,0.908547819,0.20761244,0.364717126
2.246299267,2020,7,Sweden,Western Europe,7.353499889,10.75879383,0.926311195,72.60076904,0.939144194,0.111614622,0.250880182
2.128108025,2020,8,New Zealand,Australia and New Zealand,7.299600124,10.50094318,0.949118972,73.20262909,0.936217487,0.191598073,0.22113885
2.398446083,2020,9,Austria,Western Europe,7.294199944,10.7428236,0.928045869,73.00250244,0.899989486,0.085429221,0.499954879
2.153700352,2020,10,Luxembourg,Western Europe,7.237500191,11.45068073,0.906912208,72.59999847,0.90563643,-0.004620588,0.367084295
2.195269108,2020,11,Canada,North America,7.23210001,10.69236851,0.927176654,73.60160065,0.933913231,0.124770768,0.390843362
2.129804134,2020,12,Australia,Australia and New Zealand,7.222799778,10.72059631,0.944854617,73.60453796,0.915431738,0.19046016,0.41516912
2.236721992,2020,13,United Kingdom,Western Europe,7.164500237,10.60013485,0.93668282,72.30160522,0.834743679,0.263732493,0.435915917
2.713358402,2020,14,Israel,Middle East and North Africa,7.128600121,10.41752529,0.913571239,73.20025635,0.747580588,0.10259372,0.78085506
2.953135014,2020,15,Costa Rica,Latin America and Caribbean,7.121399879,9.658156395,0.901545942,71.29985046,0.934738934,-0.10242971,0.786332428
1.943878174,2020,16,Ireland,Western Europe,7.093699932,11.16097832,0.942081571,72.30078888,0.886982977,0.145784974,0.357184172
2.295249462,2020,17,Germany,Western Europe,7.075799942,10.7328186,0.898874462,72.20201874,0.867371082,0.080179386,0.456422031
2.344124794,2020,18,United States,North America,6.939599991,10.92576885,0.914219022,68.29949951,0.842619538,0.149891734,0.699715316
2.796808243,2020,19,Czech Republic,Central and Eastern Europe,6.910900116,10.40416336,0.914430678,70.04793549,0.818537354,-0.230861515,0.85844624
2.348626614,2020,20,Belgium,Western Europe,6.863500118,10.6736393,0.911632538,72.00164795,0.813582063,-0.078691199,0.612297952
2.166965961,2020,21,United Arab Emirates,Middle East and North Africa,6.790800095,11.1099987,0.849181116,67.08278656,0.941345513,0.123450845,0.594502211
1.952012062,2020,22,Malta,Western Europe,6.772799969,10.53383827,0.93037951,72.19999695,0.924911439,0.214965805,0.658547282
2.053198338,2020,23,France,Western Europe,6.663799763,10.58422279,0.937103748,73.80193329,0.825467646,-0.130641967,0.583521128
2.662540197,2020,24,Mexico,Latin America and Caribbean,6.465000153,9.797797203,0.838665426,68.29902649,0.858709276,-0.175266623,0.806821585
2.160238743,2020,25,Taiwan,East Asia,6.45539999,10.77568531,0.894309103,69.59999847,0.77153033,-0.073198698,0.73188293
2.167276382,2020,26,Uruguay,Latin America and Caribbean,6.440100193,9.948192596,0.92281127,69.00254822,0.892395437,-0.101103112,0.635994136
2.203118801,2020,27,Saudi Arabia,Middle East and North Africa,6.406499863,10.79781246,0.874067068,66.30514526,0.854191244,-0.168695062,0.682619512
1.997088432,2020,28,Spain,Western Europe,6.400899887,10.46292686,0.921125412,74.40270996,0.751989543,-0.050961714,0.765859902
2.882723093,2020,29,Guatemala,Latin America and Caribbean,6.398900032,8.924805641,0.816621482,64.8089447,0.908147573,-0.042938665,0.783237457
2.249505997,2020,30,Italy,Western Europe,6.38740015,10.48183632,0.889878571,73.60168457,0.66465199,-0.043460999,0.873404682
0.937031746,2020,31,Singapore,South Asia,6.377099991,11.39552116,0.910268962,76.80458069,0.926645339,0.029879224,0.109784193
2.571860313,2020,32,Brazil,Latin America and Caribbean,6.375599861,9.56643486,0.896723807,66.48016357,0.799804807,-0.101812392,0.770601273
1.888586521,2020,33,Slovenia,Central and Eastern Europe,6.363399982,10.39232254,0.939575672,71.1029892,0.936142623,-0.080603383,0.817071021
2.937191725,2020,34,El Salvador,Latin America and Caribbean,6.34829998,8.909075737,0.806092262,66.10826111,0.833805263,-0.121072978,0.754319906
2.736902714,2020,35,Kosovo,Central and Eastern Europe,6.325200081,9.204429626,0.820726514,63.88555527,0.861535907,0.190933764,0.922328293
2.221176147,2020,36,Panama,Latin America and Caribbean,6.304800034,10.03423405,0.902094483,69.60301208,0.880366504,-0.153927714,0.851588905
2.256422043,2020,37,Slovakia,Central and Eastern Europe,6.280600071,10.34774971,0.922493756,68.90634155,0.749952674,-0.124409303,0.918096125
2.073346615,2020,38,Uzbekistan,Commonwealth of Independent States,6.257599831,8.740371704,0.926595807,65.10757446,0.974998116,0.248427153,0.501497388
2.283012867,2020,39,Chile,Latin America and Caribbean,6.228499889,10.0320549,0.879713595,69.90061951,0.744896293,-0.065668367,0.838239431
1.751917362,2020,40,Bahrain,Middle East and North Africa,6.227300167,10.67638016,0.876342118,68.5,0.905855775,0.13372919,0.7393471
2.238146067,2020,41,Lithuania,Central and Eastern Europe,6.215499878,10.34362602,0.926107109,67.29407501,0.747381449,-0.219725296,0.809583843
2.190695763,2020,42,Trinidad and Tobago,Latin America and Caribbean,6.191899776,10.26000214,0.91529417,63.5,0.857907116,0.000526841,0.912230611
2.056797981,2020,43,Poland,Central and Eastern Europe,6.186299801,10.26512432,0.874257445,69.31113434,0.862055779,-0.205084071,0.686927021
2.421656609,2020,44,Colombia,Latin America and Caribbean,6.163400173,9.500369072,0.884440243,67.69958496,0.836179912,-0.161235645,0.86457181
2.032334805,2020,45,Cyprus,Western Europe,6.15899992,10.40570259,0.805996239,73.70222473,0.779858291,0.043731496,0.856271744
2.496081114,2020,46,Nicaragua,Latin America and Caribbean,6.13710022,8.493160248,0.857497036,67.50717926,0.863902867,0.020959141,0.665950119
2.412749767,2020,47,Romania,Central and Eastern Europe,6.123700142,10.107584,0.825161517,67.20723724,0.842823207,-0.19781521,0.934300244
1.840167999,2020,48,Kuwait,Middle East and North Africa,6.102099895,11.08982468,0.846475244,66.76764679,0.872366488,-0.100184701,0.760849059
2.006720543,2020,49,Mauritius,Sub-Saharan Africa,6.101299763,9.956786156,0.910357833,66.40434265,0.889534533,-0.018318573,0.805343091
2.021602631,2020,50,Kazakhstan,Commonwealth of Independent States,6.057899952,10.11465836,0.934744895,64.60996246,0.811601937,-0.068488635,0.764490843
1.629928112,2020,51,Estonia,Central and Eastern Europe,6.021800041,10.34001732,0.934729993,68.60495758,0.87770915,-0.111697771,0.623073816
2.501741886,2020,52,Philippines,South Asia,6.006000042,8.993545532,0.846730053,61.92676163,0.915463448,-0.105463006,0.733634114
2.121845722,2020,53,Hungary,Central and Eastern Europe,6.000400066,10.24924374,0.921934128,67.60997009,0.718964577,-0.194323018,0.892916501
1.832384109,2020,54,Thailand,South Asia,5.998799801,9.741791725,0.889973223,67.25059509,0.905063033,0.268685192,0.886272311
2.072540998,2020,55,Argentina,Latin America and Caribbean,5.974699974,9.810955048,0.900567949,68.80380249,0.831132412,-0.194913864,0.842009842
2.464295387,2020,56,Honduras,Latin America and Caribbean,5.953199863,8.424534798,0.821870148,67.19876862,0.870603263,0.086969115,0.801131904
2.121283054,2020,57,Latvia,Central and Eastern Europe,5.949999809,10.17531967,0.918288589,66.8074646,0.671237648,-0.186888844,0.795580089
2.254933834,2020,58,Ecuador,Latin America and Caribbean,5.925199986,9.246058464,0.836418986,68.50003815,0.859828949,-0.127014965,0.801215112
1.752558708,2020,59,Portugal,Western Europe,5.910900116,10.26374245,0.886590719,72.40202332,0.888747811,-0.220714301,0.892629504
2.214436531,2020,60,Jamaica,Latin America and Caribbean,5.889800072,9.006250381,0.915701866,67.09999847,0.858068526,-0.125106767,0.888890028
1.946757078,2020,61,South Korea,East Asia,5.872399807,10.51056671,0.799387157,73.6027298,0.612965107,-0.043404032,0.789067447
1.486200333,2020,62,Japan,East Asia,5.870800018,10.57968903,0.883545935,75.00096893,0.809961379,-0.246910349,0.654558063
2.213499546,2020,63,Peru,Latin America and Caribbean,5.796800137,9.456313133,0.831075251,68.10023499,0.824766099,-0.16238822,0.893714964
2.029040098,2020,64,Serbia,Central and Eastern Europe,5.77820015,9.680980682,0.881475747,68.21020508,0.726495862,-0.073676221,0.843509018
2.425928593,2020,65,Bolivia,Latin America and Caribbean,5.747499943,8.851115227,0.803108692,63.6004715,0.875873327,-0.09168113,0.822606206
2.976876736,2020,66,Pakistan,South Asia,5.69329977,8.482727051,0.689062297,58.25313568,0.734833717,0.04489987,0.745705426
1.83412528,2020,67,Paraguay,Latin America and Caribbean,5.692100048,9.389982224,0.898727894,65.63993835,0.885923445,0.007997713,0.834788501
1.844246864,2020,68,Dominican Republic,Latin America and Caribbean,5.689199924,9.664880753,0.882085383,65.80748749,0.866202772,-0.131263286,0.755999923
2.16724205,2020,69,Bosnia and Herzegovina,Central and Eastern Europe,5.674099922,9.455817223,0.829204142,67.80813599,0.651352704,0.098274559,0.933769107
2.370968342,2020,70,Moldova,Commonwealth of Independent States,5.607500076,8.776714325,0.843313575,65.01301575,0.721609175,-0.037741039,0.913314283
2.25650835,2020,71,Tajikistan,Commonwealth of Independent States,5.555699825,8.024810791,0.835297108,64.10459137,0.831383407,-0.025088511,0.592076063
1.880565882,2020,72,Montenegro,Central and Eastern Europe,5.54610014,9.751860619,0.855314612,68.50534821,0.649565637,-0.075600356,0.783121586
1.815716743,2020,73,Russia,Commonwealth of Independent States,5.546000004,10.12887192,0.903150737,64.10045624,0.729892612,-0.151153743,0.864802599
2.060206652,2020,74,Kyrgyzstan,Commonwealth of Independent States,5.541500092,8.148405075,0.887228489,64.10601044,0.909374893,0.154772058,0.888396084
1.8069911,2020,75,Belarus,Commonwealth of Independent States,5.539899826,9.779945374,0.90674746,66.10433197,0.639163077,-0.164926544,0.63571167
1.23668766,2020,76,Northern Cyprus,Western Europe,5.53550005,10.40570259,0.820356607,73.70222473,0.79529351,0.000227159,0.62611568
2.016179085,2020,77,Greece,Western Europe,5.514999866,10.13232613,0.814380348,72.40525818,0.541345119,-0.300907373,0.859931409
0.673293114,2020,78,Hong Kong,East Asia,5.510399818,10.9346714,0.845969081,76.77170563,0.779833794,0.134979904,0.420607209
1.676029205,2020,79,Croatia,Central and Eastern Europe,5.504700184,10.07087517,0.874623716,70.21490479,0.714838803,-0.128538325,0.916495264
1.888563156,2020,80,Libya,Middle East and North Africa,5.488800049,9.789815903,0.825942934,62.29999924,0.773157001,-0.085054487,0.668779135
1.810527563,2020,81,Mongolia,East Asia,5.456200123,9.412186623,0.937142491,62.30448532,0.693351328,0.098093867,0.863511205
1.319420815,2020,82,Malaysia,South Asia,5.384300232,10.26251888,0.816509426,67.10215759,0.894626856,0.114726797,0.839302301
1.685977936,2020,83,Vietnam,South Asia,5.353499889,8.809545517,0.849987149,67.9527359,0.939592957,-0.094533332,0.79642123
1.479573488,2020,84,Indonesia,South Asia,5.285600185,9.36975193,0.808379889,62.15584946,0.870614409,0.519586504,0.876296401
3.081022501,2020,85,Ivory Coast,Sub-Saharan Africa,5.233300209,8.225561142,0.658048689,49.50377274,0.727909327,-0.043991156,0.790771961
3.440809727,2020,86,Benin,Sub-Saharan Africa,5.21600008,7.674319744,0.468671143,54.31246567,0.735182583,-0.003537213,0.740532577
1.098674774,2020,87,Maldives,South Asia,5.197599888,9.518632889,0.91316092,70.59999847,0.853962779,0.038085498,0.824211061
2.722619534,2020,88,Congo (Brazzaville),Sub-Saharan Africa,5.194399834,8.536987305,0.640228093,57.92448044,0.719058514,-0.123674095,0.751779079
1.507632971,2020,89,Azerbaijan,Commonwealth of Independent States,5.164800167,9.687726974,0.819308281,65.50839996,0.786824107,-0.240255281,0.55253756
1.617594957,2020,90,Macedonia,Central and Eastern Europe,5.159800053,9.510591507,0.820392311,67.50442505,0.738840938,-0.019877451,0.897490501
2.378437281,2020,91,Ghana,Sub-Saharan Africa,5.147999763,8.350645065,0.728601098,57.20398712,0.794796526,0.094170853,0.847964764
2.014386892,2020,92,Nepal,South Asia,5.137199879,7.925357342,0.785512447,63.77917862,0.797565043,0.154168829,0.738099158
1.564816713,2020,93,Turkey,Middle East and North Africa,5.131800175,10.12941933,0.826313555,66.90281677,0.608830452,-0.171046436,0.748197377
1.336181879,2020,94,China,East Asia,5.123899937,9.688568115,0.798760593,69.2891922,0.898517907,-0.18142575,0.7539711
1.115337372,2020,95,Turkmenistan,Commonwealth of Independent States,5.119100094,9.74803257,0.958966196,62.21170807,0.826457024,0.187671542,0.883691847
1.294961452,2020,96,Bulgaria,Central and Eastern Europe,5.101500034,9.869318962,0.937840343,66.80397797,0.745178163,-0.143908441,0.935585141
2.378402472,2020,97,Morocco,Middle East and North Africa,5.094799995,8.940313339,0.592628479,65.89624023,0.772072434,-0.240377247,0.815724611
2.719370842,2020,98,Cameroon,Sub-Saharan Africa,5.084899902,8.118647575,0.700386405,52.7049408,0.763051808,-0.00149645,0.851336598
1.74484086,2020,99,Venezuela,Latin America and Caribbean,5.053199768,8.977793694,0.890408158,66.50534058,0.62327832,-0.169090509,0.837038398
1.840811729,2020,100,Algeria,Middle East and North Africa,5.005099773,9.537964821,0.803385139,65.90517426,0.466610909,-0.121105164,0.735485137
2.405123949,2020,101,Senegal,Sub-Saharan Africa,4.980800152,8.118982315,0.723616004,59.59915161,0.690596163,-0.052335154,0.808785141
2.740729809,2020,102,Guinea,Sub-Saharan Africa,4.949299812,7.750990391,0.637573481,54.46780014,0.706846774,0.076328471,0.761794448
3.017630577,2020,103,Niger,Sub-Saharan Africa,4.909599781,6.842166901,0.617435038,53.50009537,0.759772122,0.013860817,0.722530186
1.621152639,2020,104,Laos,South Asia,4.888599873,8.79858017,0.737502217,58.70992279,0.907213569,0.11137148,0.634679317
1.640897036,2020,105,Albania,Central and Eastern Europe,4.882699966,9.417930603,0.671070457,68.70813751,0.781994224,-0.042309489,0.896303713
1.663300037,2020,106,Cambodia,South Asia,4.848400116,8.249890327,0.773080647,61.52996826,0.959704638,0.051911179,0.822769046
1.755261898,2020,107,Bangladesh,South Asia,4.832799911,8.287063599,0.687292993,64.50306702,0.90062499,-0.033664726,0.661843538
1.735027552,2020,108,Gabon,Sub-Saharan Africa,4.829299927,9.680537224,0.787886858,59.71533966,0.704829216,-0.222261623,0.849150956
1.625117302,2020,109,South Africa,Sub-Saharan Africa,4.814099789,9.403370857,0.852532268,56.50601196,0.759330094,-0.109777324,0.843423843
1.752173662,2020,110,Iraq,Middle East and North Africa,4.784800053,9.661095619,0.747694969,59.90354919,0.633182645,-0.06956476,0.82226181
1.53554225,2020,111,Lebanon,Middle East and North Africa,4.771500111,9.3617239,0.824338138,67.10658264,0.551357508,-0.06121527,0.90225625
2.588826418,2020,112,Burkina Faso,Sub-Saharan Africa,4.768700123,7.46854496,0.712943614,53.88945389,0.665563583,-0.019080516,0.739795029
2.270216465,2020,113,Gambia,Sub-Saharan Africa,4.750599861,7.321814537,0.6931687,55.0120163,0.733163178,0.343198717,0.690717816
2.559335232,2020,114,Mali,Sub-Saharan Africa,4.729300022,7.629852295,0.731468976,51.72698212,0.71156615,-0.044366926,0.839328408
2.219635487,2020,115,Nigeria,Sub-Saharan Africa,4.724100113,8.57662487,0.73721689,49.86190796,0.759578407,0.033745807,0.861874342
1.468161583,2020,116,Armenia,Commonwealth of Independent States,4.676799774,9.100476265,0.757479429,66.75065613,0.712017834,-0.13877961,0.773544788
1.69239831,2020,117,Georgia,Commonwealth of Independent States,4.672599792,9.226100922,0.629033029,64.49520874,0.801641524,-0.22892037,0.665944695
1.286969423,2020,118,Iran,Middle East and North Africa,4.672399998,9.813719749,0.694689691,66.00614929,0.647873282,0.117891103,0.714635968
1.262258053,2020,119,Jordan,Middle East and North Africa,4.633399963,9.025999069,0.80216372,66.79975128,0.75104779,-0.162565202,0.700344324
2.221216202,2020,120,Mozambique,Sub-Saharan Africa,4.623600006,7.069345951,0.723874032,54.20582199,0.864451885,0.032375868,0.683019102
1.684904575,2020,121,Kenya,Sub-Saharan Africa,4.583000183,8.02977562,0.702652037,60.09693146,0.829747558,0.294681519,0.831499159
1.503033161,2020,122,Namibia,Sub-Saharan Africa,4.571100235,9.203141212,0.846880972,56.50148773,0.767520964,-0.18530646,0.851449788
1.252669334,2020,123,Ukraine,Commonwealth of Independent States,4.56069994,9.010690689,0.878879368,64.60678101,0.663081884,-0.030933706,0.920636714
2.386757851,2020,124,Liberia,Sub-Saharan Africa,4.557899952,7.054380417,0.70928055,56.09631348,0.735268712,0.04227322,0.856375933
1.693985701,2020,125,Palestinian Territories,Middle East and North Africa,4.552800179,8.389223099,0.825295925,62.25,0.645791829,-0.162079096,0.824199975
1.958671093,2020,126,Uganda,Sub-Saharan Africa,4.43200016,7.500389576,0.764994621,55.70820236,0.731713951,0.099487431,0.836737812
2.74742651,2020,127,Chad,Sub-Saharan Africa,4.422699928,7.467963696,0.632388055,48.22053909,0.587305248,0.017834719,0.802760839
1.528496742,2020,128,Tunisia,Middle East and North Africa,4.392199993,9.314972878,0.688718557,66.89785767,0.593361557,-0.216413811,0.867590249
1.85955739,2020,129,Mauritania,Sub-Saharan Africa,4.374599934,8.233919144,0.790819228,57.01017761,0.551522553,-0.106008142,0.746223509
0.611288548,2020,130,Sri Lanka,South Asia,4.327000141,9.389969826,0.825374067,67.20006561,0.837633669,0.081129618,0.859001756
2.437864304,2020,131,Congo (Kinshasa),Sub-Saharan Africa,4.31099987,6.694256306,0.672159016,52.90000153,0.700793564,0.083637655,0.809403598
1.686207294,2020,132,Swaziland,Sub-Saharan Africa,4.308100224,9.16267395,0.770290196,51.18823624,0.646822274,-0.19920142,0.708263338
0.681462526,2020,133,Myanmar,South Asia,4.308000088,8.680481911,0.78440702,58.96171188,0.895075202,0.560663998,0.645124316
2.17276907,2020,134,Comoros,Sub-Saharan Africa,4.288599968,7.833630085,0.625662446,57.34901047,0.547612607,0.090008408,0.780622602
2.409595251,2020,135,Togo,Sub-Saharan Africa,4.187200069,7.357711315,0.551312625,54.71989822,0.649828613,0.002667875,0.757733464
1.628459215,2020,136,Ethiopia,Sub-Saharan Africa,4.186200142,7.509385586,0.743307352,58.63959122,0.740795195,0.043377332,0.753690004
2.136298418,2020,137,Madagascar,Sub-Saharan Africa,4.165599823,7.281685829,0.668195903,59.10542679,0.557574093,-0.011823639,0.817485631
1.158818245,2020,138,Egypt,Middle East and North Africa,4.151400089,9.316541672,0.735447824,61.78015137,0.708354175,-0.196878314,0.787726879
2.046271801,2020,139,Sierra Leone,Sub-Saharan Africa,3.926399946,7.26880312,0.636142015,50.86514282,0.715315044,0.088660747,0.861330688
2.401507378,2020,140,Burundi,Sub-Saharan Africa,3.775300026,6.492642403,0.490325719,53.40000153,0.626350224,-0.017551597,0.606934547
1.134339333,2020,141,Zambia,Sub-Saharan Africa,3.759399891,8.224720001,0.698824465,55.29937744,0.806500256,0.078037128,0.801289678
1.619916916,2020,142,Haiti,Latin America and Caribbean,3.720799923,7.411329269,0.593247831,55.59862518,0.537825167,0.40053457,0.684767246
1.445513964,2020,143,Lesotho,Sub-Saharan Africa,3.652800083,7.960488319,0.780495703,48.00362396,0.738125861,-0.145732045,0.857392073
0.734130859,2020,144,India,South Asia,3.573299885,8.849823952,0.592200935,60.21518707,0.881444871,0.057551607,0.772042692
1.552718282,2020,145,Malawi,Sub-Saharan Africa,3.538000107,7.062226295,0.544007301,57.59288788,0.803223193,0.021433279,0.731700778
1.116472721,2020,146,Yemen,Middle East and North Africa,3.527400017,7.759682655,0.817980587,56.72728348,0.599920273,-0.157735437,0.800287724
0.257240534,2020,147,Botswana,Sub-Saharan Africa,3.478899956,9.711203575,0.779121757,58.92445374,0.821328104,-0.250394493,0.777930915
0.718963385,2020,148,Tanzania,Sub-Saharan Africa,3.476200104,7.967665195,0.688933194,57.49607468,0.82153976,0.109668687,0.619799435
2.860197544,2020,149,Central African Republic,Sub-Saharan Africa,3.475899935,6.625160217,0.319459856,45.20000076,0.640880644,0.082410358,0.891806662
0.548444986,2020,150,Rwanda,Sub-Saharan Africa,3.312299967,7.600104332,0.54083544,61.09884644,0.900589406,0.055483952,0.183541179
0.841031075,2020,151,Zimbabwe,Sub-Saharan Africa,3.299200058,7.865711689,0.763092756,55.61725998,0.711457908,-0.072063953,0.81023699
1.378751278,2020,152,South Sudan,Sub-Saharan Africa,2.816600084,7.425359726,0.553707123,51,0.451313615,0.016518548,0.763417304
1.507235646,2020,153,Afghanistan,South Asia,2.566900015,7.462860584,0.470366955,52.59000015,0.396573007,-0.0964294,0.933686554
2.276716232,2017,4,Switzerland,Western Europe,7.493999958,1.564979553,1.516911745,0.858131289,0.620070577,0.290549278,0.367007285
2.322715282,2017,3,Iceland,Western Europe,7.504000187,1.48063302,1.610574007,0.833552122,0.627162635,0.475540221,0.153526559
2.313707352,2017,2,Denmark,Western Europe,7.521999836,1.482383013,1.551121593,0.792565525,0.626006722,0.355280489,0.400770068
2.277026653,2017,1,Norway,Western Europe,7.537000179,1.616463184,1.53352356,0.796666503,0.635422587,0.362012237,0.315963835
2.187264442,2017,7,Canada,North America,7.315999985,1.479204416,1.481348991,0.834557652,0.611100912,0.435539722,0.287371516
2.430181503,2017,5,Finland,Western Europe,7.468999863,1.443571925,1.540246725,0.80915767,0.617950857,0.245482773,0.382611543
2.294804096,2017,6,Netherlands,Western Europe,7.376999855,1.503944635,1.428939223,0.810696125,0.585384488,0.47048983,0.282661825
2.097537994,2017,9,Sweden,Western Europe,7.28399992,1.494387269,1.478162169,0.830875158,0.612924099,0.385399252,0.384398729
2.046456337,2017,8,New Zealand,Australia and New Zealand,7.31400013,1.405706048,1.548195124,0.816759706,0.61406213,0.500005126,0.382816702
2.065210819,2017,10,Australia,Australia and New Zealand,7.28399992,1.484414935,1.510041952,0.843886793,0.601607382,0.47769925,0.30118373
2.801757336,2017,11,Israel,Middle East and North Africa,7.212999821,1.375382423,1.376289964,0.838404,0.405988604,0.330082655,0.0852421
2.898639202,2017,12,Costa Rica,Latin America and Caribbean,7.078999996,1.109706283,1.416403651,0.759509265,0.58013165,0.214613229,0.100106589
2.138506413,2017,13,Austria,Western Europe,7.006000042,1.487097263,1.459944963,0.815328419,0.56776619,0.316472322,0.221060365
2.837154865,2017,25,Mexico,Latin America and Caribbean,6.578000069,1.153183818,1.21086216,0.709978998,0.412730008,0.120990433,0.132774115
2.218113422,2017,14,United States,North America,6.993000031,1.546259284,1.419920564,0.774286628,0.505740523,0.392578781,0.135638788
2.769267082,2017,22,Brazil,Latin America and Caribbean,6.635000229,1.10735321,1.431306005,0.616552353,0.437453747,0.162349895,0.111092761
1.619512081,2017,18,Luxembourg,Western Europe,6.862999916,1.741943598,1.457583666,0.845089495,0.596627891,0.283180982,0.318834424
1.773869038,2017,15,Ireland,Western Europe,6.977000237,1.535706639,1.558231115,0.809782624,0.573110342,0.427858323,0.298388153
2.124210358,2017,17,Belgium,Western Europe,6.890999794,1.463780761,1.462312698,0.818091869,0.539770722,0.231503338,0.251343131
1.734703541,2017,21,United Arab Emirates,Middle East and North Africa,6.647999763,1.626343369,1.266410232,0.726798236,0.60834527,0.360941947,0.324489564
1.704143524,2017,19,United Kingdom,Western Europe,6.714000225,1.44163394,1.49646008,0.805335939,0.508190036,0.492774159,0.265428066
1.789463758,2017,82,Venezuela,Latin America and Caribbean,5.25,1.128431201,1.431337595,0.617144227,0.153997123,0.06501963,0.064491123
1.216362,2017,26,Singapore,South Asia,6.572000027,1.69227767,1.353814363,0.949492395,0.549840569,0.345965981,0.464307785
2.307199955,2017,30,Panama,Latin America and Caribbean,6.452000141,1.233748436,1.373192549,0.706156135,0.550026834,0.210556939,0.070983924
2.015769958,2017,16,Germany,Western Europe,6.951000214,1.487923384,1.472520351,0.798950732,0.562511384,0.33626917,0.276731938
2.509585857,2017,20,Chile,Latin America and Caribbean,6.65199995,1.25278461,1.284024954,0.819479704,0.376895279,0.326662421,0.082287982
1.14546442,2017,35,Qatar,Middle East and North Africa,6.375,1.870765686,1.27429688,0.710098088,0.604130983,0.33047387,0.439299256
2.005954742,2017,31,France,Western Europe,6.441999912,1.430923462,1.387776852,0.844465852,0.470222116,0.129762307,0.172502428
2.614005327,2017,24,Argentina,Latin America and Caribbean,6.598999977,1.185295463,1.440451145,0.695137084,0.494519204,0.109457061,0.059739888
2.451861858,2017,23,Czech Republic,Central and Eastern Europe,6.609000206,1.352682352,1.433885217,0.754444003,0.490946174,0.088106759,0.036872927
2.172409534,2017,28,Uruguay,Latin America and Caribbean,6.453999996,1.217559695,1.412227869,0.719216824,0.579392254,0.175096929,0.178061873
2.616068125,2017,36,Colombia,Latin America and Caribbean,6.356999874,1.070622325,1.402182937,0.595027924,0.477487415,0.149014473,0.046668742
2.039508343,2017,32,Thailand,South Asia,6.423999786,1.127868772,1.425792456,0.647239029,0.580200732,0.57212311,0.031612735
2.065429688,2017,37,Saudi Arabia,Middle East and North Africa,6.343999863,1.530623555,1.286677599,0.59014833,0.449750572,0.147616014,0.273432255
1.92775774,2017,34,Spain,Western Europe,6.402999878,1.384397864,1.532090902,0.8889606,0.40878123,0.190133572,0.070914097
1.556862831,2017,27,Malta,Western Europe,6.52699995,1.343279839,1.488411665,0.821944237,0.588767052,0.574730575,0.153066069
1.640425205,2017,39,Kuwait,Middle East and North Africa,6.105000019,1.632952452,1.259698749,0.632105708,0.496337593,0.228289798,0.21515955
2.053247452,2017,38,Trinidad and Tobago,Latin America and Caribbean,6.168000221,1.361355901,1.380228519,0.519983292,0.518630743,0.325296462,0.008964816
2.714593887,2017,45,El Salvador,Latin America and Caribbean,6.002999783,0.909784496,1.182125092,0.596018553,0.43245253,0.078257985,0.08998096
2.893891096,2017,29,Guatemala,Latin America and Caribbean,6.453999996,0.872001946,1.255585194,0.54023999,0.531310618,0.283488393,0.077223279
1.816913605,2017,47,Uzbekistan,Central and Eastern Europe,5.971000195,0.786441088,1.54896915,0.498272628,0.658248663,0.415983647,0.246528223
2.097776651,2017,40,Slovakia,Central and Eastern Europe,6.09800005,1.325393558,1.505059242,0.712732911,0.295817465,0.136544481,0.024210852
1.363223553,2017,51,Japan,East Asia,5.920000076,1.416915178,1.436337829,0.913475871,0.505625546,0.120572768,0.163760737
1.880378008,2017,55,South Korea,East Asia,5.837999821,1.401678443,1.128274441,0.900214076,0.257921666,0.206674367,0.063282669
2.290352583,2017,44,Ecuador,Latin America and Caribbean,6.007999897,1.000820398,1.286168814,0.685636222,0.455198199,0.150112465,0.140134647
1.656149387,2017,41,Bahrain,Middle East and North Africa,6.086999893,1.488412261,1.323110461,0.653133035,0.536746919,0.172668487,0.25704217
1.813312054,2017,48,Italy,Western Europe,5.964000225,1.395066619,1.444923282,0.853144348,0.256450713,0.172789648,0.028028091
2.443279028,2017,58,Bolivia,Latin America and Caribbean,5.822999954,0.833756566,1.227619052,0.47363025,0.558732927,0.225560725,0.060477726
2.807808399,2017,56,Moldova,Central and Eastern Europe,5.837999821,0.72887063,1.251825571,0.589465201,0.240729049,0.208779126,0.010091286
1.68533349,2017,70,Paraguay,Latin America and Caribbean,5.493000031,0.932537317,1.50728488,0.579250693,0.473507792,0.224150658,0.091065913
1.784892559,2017,60,Kazakhstan,Central and Eastern Europe,5.818999767,1.28455627,1.384369016,0.606041551,0.437454283,0.201964423,0.119282886
1.313317299,2017,62,Slovenia,Central and Eastern Europe,5.757999897,1.341205955,1.452518821,0.790828228,0.572575808,0.242649093,0.045128979
2.228440523,2017,52,Lithuania,Central and Eastern Europe,5.90199995,1.314582348,1.473516107,0.62894994,0.234231785,0.010164657,0.011865643
2.513930559,2017,43,Nicaragua,Latin America and Caribbean,6.071000099,0.737299204,1.28721571,0.653095961,0.447551847,0.301674217,0.130687982
2.20726943,2017,63,Peru,Latin America and Caribbean,5.715000153,1.035225272,1.218770385,0.630166113,0.450002879,0.126819715,0.047049087
1.723232985,2017,67,Belarus,Central and Eastern Europe,5.568999767,1.15655756,1.444945216,0.637714267,0.295400262,0.155137509,0.156313822
1.797722816,2017,46,Poland,Central and Eastern Europe,5.97300005,1.291787863,1.44571197,0.699475348,0.520342112,0.158465967,0.059307806
2.004448891,2017,42,Malaysia,South Asia,6.084000111,1.29121542,1.284646034,0.618784428,0.402264982,0.41660893,0.065600708
1.854492426,2017,77,Croatia,Central and Eastern Europe,5.293000221,1.222556233,0.967983007,0.701288521,0.255772293,0.248002976,0.04310311
1.835011244,2017,68,Libya,Middle East and North Africa,5.525000095,1.101803064,1.35756433,0.52016902,0.46573323,0.152073666,0.09261021
2.205607414,2017,49,Russia,Central and Eastern Europe,5.962999821,1.281778097,1.469282389,0.547349334,0.373783112,0.052263822,0.032962881
1.612325668,2017,76,Jamaica,Latin America and Caribbean,5.31099987,0.925579309,1.368218064,0.641022384,0.474307239,0.233818337,0.055267781
1.549157619,2017,61,Northern Cyprus,Western Europe,5.809999943,1.346911311,1.186303377,0.834647238,0.471203625,0.266845703,0.155353352
1.621249199,2017,65,Cyprus,Western Europe,5.620999813,1.355938077,1.131363273,0.844714701,0.355111539,0.271254301,0.041237976
2.567603827,2017,53,Algeria,Middle East and North Africa,5.872000217,1.091864467,1.146217465,0.617584646,0.233335808,0.069436647,0.14609611
2.010540724,2017,78,Kosovo,Central and Eastern Europe,5.278999805,0.951484382,1.137853503,0.54145205,0.260287941,0.319931448,0.057471618
1.832909822,2017,59,Turkmenistan,Central and Eastern Europe,5.822000027,1.130776763,1.493149161,0.43772608,0.418271929,0.249924988,0.25927034
1.697583914,2017,64,Mauritius,Sub-Saharan Africa,5.629000187,1.189395547,1.20956099,0.638007462,0.491247326,0.360933751,0.042181555
1.357508659,2017,66,Estonia,Central and Eastern Europe,5.611000061,1.32087934,1.4766711,0.695168316,0.47913143,0.098890811,0.183248922
1.429476976,2017,81,Indonesia,South Asia,5.262000084,0.995538592,1.274444699,0.492345721,0.443323463,0.611704588,0.015317135
1.462318659,2017,94,Vietnam,South Asia,5.073999882,0.788547575,1.277491331,0.652168989,0.571055591,0.234968051,0.087633237
1.879277945,2017,69,Turkey,Middle East and North Africa,5.5,1.198274374,1.337753177,0.637605608,0.3007406,0.046693042,0.09967158
1.536723137,2017,98,Kyrgyzstan,Central and Eastern Europe,5.004000187,0.596220076,1.394238591,0.553457797,0.454943389,0.428580374,0.039439179
2.365390539,2017,95,Nigeria,Sub-Saharan Africa,5.073999882,0.783756256,1.215770483,0.05691573,0.394952565,0.230947196,0.026121566
1.140184402,2017,97,Bhutan,South Asia,5.011000156,0.885416389,1.340126514,0.495879292,0.501537681,0.474054545,0.17338039
1.762481689,2017,85,Azerbaijan,Central and Eastern Europe,5.234000206,1.153601766,1.152400255,0.540775776,0.398155838,0.04526934,0.180987507
2.79248929,2017,80,Pakistan,South Asia,5.269000053,0.726883531,0.67269069,0.402047783,0.235215262,0.315446019,0.124348067
1.791176558,2017,74,Jordan,Middle East and North Africa,5.335999966,0.991012394,1.239088893,0.604590058,0.418421149,0.17217046,0.119803272
1.729191542,2017,83,Montenegro,Central and Eastern Europe,5.236999989,1.121129036,1.238376498,0.667464674,0.194989055,0.197911024,0.088174194
1.764938593,2017,79,China,East Asia,5.272999763,1.081165791,1.160837412,0.741415501,0.472787708,0.028806841,0.022794275
1.826705456,2017,116,Zambia,Sub-Saharan Africa,4.513999939,0.636406779,1.003187299,0.257835895,0.461603492,0.249580145,0.07821355
2.176831484,2017,57,Romania,Central and Eastern Europe,5.824999809,1.217683911,1.15009129,0.685158312,0.457003742,0.133519918,0.004387901
1.947084427,2017,73,Serbia,Central and Eastern Europe,5.394999981,1.069317579,1.258189797,0.650784671,0.208715528,0.220125884,0.040903781
1.107682705,2017,89,Portugal,Western Europe,5.195000172,1.315175295,1.367043018,0.795843542,0.4984653,0.095102713,0.015869452
1.993655205,2017,54,Latvia,Central and Eastern Europe,5.849999905,1.260748625,1.404714942,0.638566971,0.325707912,0.153074786,0.073842727
1.972604752,2017,72,Philippines,South Asia,5.429999828,0.857699215,1.253917575,0.468009055,0.585214674,0.193513423,0.099331893
3.11748457,2017,93,Somalia,Sub-Saharan Africa,5.151000023,0.022643184,0.721151352,0.113989137,0.602126956,0.291631311,0.282410324
2.456189394,2017,84,Morocco,Middle East and North Africa,5.235000134,0.878114581,0.774864435,0.597710669,0.408158332,0.032209955,0.087763183
1.617469311,2017,92,Macedonia,Central and Eastern Europe,5.175000191,1.064577937,1.207893014,0.644948184,0.325905979,0.253760964,0.060277794
2.355650902,2017,113,Mozambique,Sub-Saharan Africa,4.550000191,0.23430565,0.870701015,0.106654435,0.480791092,0.322228104,0.179436386
1.490441561,2017,109,Albania,Central and Eastern Europe,4.644000053,0.996192753,0.803685248,0.731159747,0.381498635,0.201312944,0.039864216
1.892172575,2017,90,Bosnia and Herzegovina,Central and Eastern Europe,5.18200016,0.982409418,1.069335938,0.705186307,0.204403177,0.328867495,0
1.42983532,2017,139,Lesotho,Sub-Saharan Africa,3.808000088,0.521021247,1.190095186,0,0.390661299,0.157497272,0.11909464
1.31946516,2017,86,Dominican Republic,Latin America and Caribbean,5.230000019,1.079373837,1.402416706,0.574873745,0.552589834,0.18696785,0.113945253
1.111292362,2017,100,Mongolia,East Asia,4.954999924,1.027235866,1.493011236,0.557783484,0.394143969,0.33846423,0.032902289
1.749221563,2017,87,Greece,Western Europe,5.227000237,1.289487481,1.239414573,0.810198903,0.095731251,0,0.043289777
1.695073843,2017,88,Lebanon,Middle East and North Africa,5.224999905,1.074987531,1.129624248,0.735081077,0.288515985,0.264450759,0.03751383
1.716459274,2017,75,Hungary,Central and Eastern Europe,5.323999882,1.286011934,1.343133092,0.687763453,0.175863519,0.078401662,0.036636937
2.065811157,2017,91,Honduras,Latin America and Caribbean,5.181000233,0.730573118,1.143944979,0.58256948,0.34807986,0.236188874,0.073345453
1.84904933,2017,96,Tajikistan,Central and Eastern Europe,5.040999889,0.524713635,1.271463275,0.529235125,0.471566707,0.248997644,0.146377146
1.89025116,2017,102,Tunisia,Middle East and North Africa,4.804999828,1.007265806,0.86835146,0.613212049,0.28968069,0.049693357,0.086723149
1.878890276,2017,103,Palestinian Territories,Middle East and North Africa,4.775000095,0.716249228,1.155647159,0.565666974,0.254711062,0.114173174,0.089282602
1.978736162,2017,110,Bangladesh,South Asia,4.607999802,0.586682975,0.735131741,0.533241034,0.478356659,0.172255352,0.123717859
1.498734951,2017,108,Iran,Middle East and North Africa,4.691999912,1.156873107,0.711551249,0.639333189,0.249322608,0.387242913,0.048761073
0.814382315,2017,132,Ukraine,Central and Eastern Europe,4.096000195,0.894651949,1.394537568,0.575903952,0.122974776,0.270061463,0.023029471
1.318907261,2017,117,Iraq,Middle East and North Africa,4.497000217,1.102710485,0.978613198,0.50118047,0.288555533,0.199637264,0.107215755
1.510908604,2017,101,South Africa,Sub-Saharan Africa,4.828999996,1.054698706,1.384788632,0.18708007,0.479246736,0.13936238,0.072509497
1.577867508,2017,131,Ghana,Sub-Saharan Africa,4.119999886,0.667224824,0.873664737,0.295637727,0.423026294,0.256923944,0.02533637
1.597970247,2017,138,Zimbabwe,Sub-Saharan Africa,3.875,0.375846535,1.083095908,0.196763754,0.336384207,0.189143494,0.095375381
1.673285961,2017,148,Liberia,Sub-Saharan Africa,3.532999992,0.119041793,0.872117937,0.229918197,0.332881182,0.266549885,0.038948249
1.519117117,2017,122,India,South Asia,4.315000057,0.792221248,0.754372597,0.455427617,0.469987005,0.231538489,0.092226885
1.68706584,2017,130,Sudan,Sub-Saharan Africa,4.138999939,0.659516692,1.21400857,0.290920824,0.014995855,0.182317451,0.08984752
1.697167635,2017,145,Haiti,Latin America and Caribbean,3.602999926,0.368610263,0.640449822,0.27732113,0.030369857,0.489203781,0.09987215
2.224958658,2017,126,Congo (Kinshasa),Sub-Saharan Africa,4.28000021,0.092102349,1.229023457,0.191407025,0.235961348,0.246455833,0.060241356
1.891241074,2017,99,Nepal,South Asia,4.961999893,0.479820192,1.179283261,0.504130781,0.440305948,0.394096166,0.072975546
2.015743732,2017,119,Ethiopia,Sub-Saharan Africa,4.460000038,0.339233845,0.864669204,0.353409708,0.408842742,0.31265074,0.165455714
2.668459892,2017,106,Sierra Leone,Sub-Saharan Africa,4.709000111,0.368420929,0.984136045,0.005564754,0.318697691,0.293040901,0.071095176
1.651637316,2017,123,Mauritania,Sub-Saharan Africa,4.291999817,0.648457289,1.27203083,0.28534928,0.096098043,0.201870024,0.136957005
1.651902199,2017,112,Kenya,Sub-Saharan Africa,4.552999973,0.560479462,1.067950726,0.30998835,0.452763766,0.444860309,0.064641319
1.521499157,2017,121,Armenia,Central and Eastern Europe,4.375999928,0.900596738,1.007483721,0.637524426,0.198303267,0.083488092,0.026674422
0.377913713,2017,142,Botswana,Sub-Saharan Africa,3.766000032,1.122094154,1.221554995,0.341755509,0.505196333,0.099348448,0.098583199
1.115290403,2017,114,Myanmar,South Asia,4.545000076,0.36711055,1.123235941,0.397522569,0.514492035,0.838075161,0.188816205
1.500137806,2017,125,Georgia,Central and Eastern Europe,4.285999775,0.950612664,0.570614934,0.649546981,0.309410036,0.054008815,0.251666635
2.081786156,2017,136,Malawi,Sub-Saharan Africa,3.970000029,0.233442038,0.512568831,0.315089583,0.466914654,0.28717047,0.072711654
0.419389248,2017,120,Sri Lanka,South Asia,4.440000057,1.009850144,1.259976387,0.625130832,0.561213255,0.490863562,0.073653966
2.333645582,2017,107,Cameroon,Sub-Saharan Africa,4.695000172,0.564305365,0.946018219,0.132892117,0.430388749,0.236298457,0.051306631
0.996139288,2017,105,Bulgaria,Central and Eastern Europe,4.714000225,1.161459088,1.434379458,0.70821768,0.289231718,0.113177694,0.011051531
1.702161074,2017,104,Egypt,Middle East and North Africa,4.735000134,0.989701807,0.997471392,0.520187259,0.282110155,0.128631443,0.114381365
1.345600605,2017,146,Yemen,Middle East and North Africa,3.592999935,0.591683447,0.935382247,0.310080916,0.249463722,0.104125209,0.056767423
1.614482403,2017,140,Angola,Sub-Saharan Africa,3.795000076,0.85842818,1.10441196,0.049868666,0,0.09792649,0.069720335
1.668190956,2017,127,Mali,Sub-Saharan Africa,4.190000057,0.476180494,1.281473398,0.169365674,0.306613743,0.183354199,0.104970247
1.724135637,2017,124,Congo (Brazzaville),Sub-Saharan Africa,4.290999889,0.808964252,0.832044363,0.289957434,0.435025871,0.120852128,0.079618134
1.526362658,2017,133,Uganda,Sub-Saharan Africa,4.080999851,0.381430715,1.129827738,0.217632607,0.443185955,0.325766057,0.057069719
1.789646149,2017,115,Senegal,Sub-Saharan Africa,4.534999847,0.479309022,1.179691911,0.409362853,0.377922267,0.183468893,0.115460448
1.322916269,2017,118,Gabon,Sub-Saharan Africa,4.465000153,1.198210239,1.155620217,0.356578588,0.312328577,0.043785378,0.076046787
1.873983383,2017,135,Niger,Sub-Saharan Africa,4.027999878,0.161925331,0.993025005,0.268505007,0.363658696,0.228673846,0.138572946
1.042941093,2017,129,Cambodia,South Asia,4.168000221,0.601765096,1.006238341,0.429783404,0.633375823,0.385922968,0.068105951
0.621130466,2017,153,Tanzania,Sub-Saharan Africa,3.348999977,0.511135876,1.041989803,0.364509284,0.390017778,0.354256362,0.066035107
1.584612608,2017,144,Madagascar,Sub-Saharan Africa,3.644000053,0.305808693,0.913020372,0.375223309,0.189196765,0.20873253,0.067231975
2.066004753,2017,155,Central African Republic,Sub-Saharan Africa,2.693000078,0,0,0.018772686,0.270842046,0.280876487,0.056565076
2.071238041,2017,137,Chad,Sub-Saharan Africa,3.936000109,0.438012987,0.953855872,0.041134715,0.162342027,0.21611385,0.053581882
1.552311897,2017,149,Guinea,Sub-Saharan Africa,3.506999969,0.24454993,0.791244686,0.194129139,0.348587513,0.264815092,0.110937618
1.844964266,2017,128,Ivory Coast,Sub-Saharan Africa,4.179999828,0.603048921,0.90478003,0.04864217,0.447706193,0.20123747,0.130061775
1.727212906,2017,134,Burkina Faso,Sub-Saharan Africa,4.032000065,0.350227714,1.043280005,0.215844259,0.324367851,0.250864685,0.120328106
2.150801182,2017,141,Afghanistan,South Asia,3.79399991,0.401477218,0.581543326,0.180746779,0.10617952,0.311870933,0.06115783
0.540061235,2017,151,Rwanda,Sub-Saharan Africa,3.470999956,0.368745893,0.945707023,0.326424807,0.581843853,0.252756029,0.455220014
1.885630965,2017,143,Benin,Sub-Saharan Africa,3.657000065,0.431085408,0.435299844,0.209930211,0.425962776,0.207948461,0.060929015
1.061573505,2017,152,Syria,Middle East and North Africa,3.461999893,0.777153134,0.396102607,0.500533342,0.081539445,0.493663728,0.151347131
1.683024168,2017,154,Burundi,Sub-Saharan Africa,2.904999971,0.091622569,0.629793584,0.151610792,0.059900753,0.204435185,0.084147945
1.837229252,2017,150,Togo,Sub-Saharan Africa,3.494999886,0.305444717,0.43188253,0.247105569,0.380426139,0.196896151,0.095665015
1.879567385,2017,147,South Sudan,Sub-Saharan Africa,3.59100008,0.397248626,0.601323128,0.163486004,0.147062436,0.285670817,0.116793513
2.126607418,2017,33,Taiwan,East Asia,6.421999931,1.433626533,1.384565353,0.793984234,0.361466587,0.258360475,0.063829236
1.481890202,2017,111,Namibia,Sub-Saharan Africa,4.573999882,0.964434326,1.098470807,0.338611811,0.520303547,0.077133745,0.093146972
2.631955624,2017,50,Belize,Latin America and Caribbean,5.955999851,0.907975316,1.081417799,0.450191766,0.547509372,0.240015641,0.096581072
0.554633141,2017,71,Hong Kong,East Asia,5.472000122,1.551674843,1.262790918,0.943062425,0.490968645,0.374465793,0.293933749
0,2018,5,Switzerland,Western Europe,7.487,1.42,1.549,0.927,0.66,0.256,0.357
0,2018,4,Iceland,Western Europe,7.495,1.343,1.644,0.914,0.677,0.353,0.138
0,2018,3,Denmark,Western Europe,7.555,1.351,1.59,0.868,0.683,0.284,0.408
0,2018,2,Norway,Western Europe,7.594,1.456,1.582,0.861,0.686,0.286,0.34
0,2018,7,Canada,North America,7.328,1.33,1.532,0.896,0.653,0.321,0.291
0,2018,1,Finland,Western Europe,7.632,1.305,1.592,0.874,0.681,0.202,0.393
0,2018,6,Netherlands,Western Europe,7.441,1.361,1.488,0.878,0.638,0.333,0.295
0,2018,9,Sweden,Western Europe,7.314,1.355,1.501,0.913,0.659,0.285,0.383
0,2018,8,New Zealand,Australia and New Zealand,7.324,1.268,1.601,0.876,0.669,0.365,0.389
0,2018,10,Australia,Australia and New Zealand,7.272,1.34,1.573,0.91,0.647,0.361,0.302
0,2018,19,Israel,Middle East and North Africa,6.814,1.301,1.559,0.883,0.533,0.354,0.272
0,2018,13,Costa Rica,Latin America and Caribbean,7.072,1.01,1.459,0.817,0.632,0.143,0.101
0,2018,12,Austria,Western Europe,7.139,1.341,1.504,0.891,0.617,0.242,0.224
0,2018,24,Mexico,Latin America and Caribbean,6.488,1.038,1.252,0.761,0.479,0.069,0.095
0,2018,18,United States,North America,6.886,1.398,1.471,0.819,0.547,0.291,0.133
0,2018,28,Brazil,Latin America and Caribbean,6.419,0.986,1.474,0.675,0.493,0.11,0.088
0,2018,17,Luxembourg,Western Europe,6.91,1.576,1.52,0.896,0.632,0.196,0.321
0,2018,14,Ireland,Western Europe,6.977,1.448,1.583,0.876,0.614,0.307,0.306
0,2018,16,Belgium,Western Europe,6.927,1.324,1.483,0.894,0.583,0.188,0.24
0,2018,20,United Arab Emirates,Middle East and North Africa,6.774,2.096,0.776,0.67,0.284,0.186,0
0,2018,11,United Kingdom,Western Europe,7.19,1.244,1.433,0.888,0.464,0.262,0.082
0,2018,102,Venezuela,Latin America and Caribbean,4.806,0.996,1.469,0.657,0.133,0.056,0.052
0,2018,34,Singapore,South Asia,6.343,1.529,1.451,1.008,0.631,0.261,0.457
0,2018,27,Panama,Latin America and Caribbean,6.43,1.112,1.438,0.759,0.597,0.125,0.063
0,2018,15,Germany,Western Europe,6.965,1.34,1.474,0.861,0.586,0.273,0.28
0,2018,25,Chile,Latin America and Caribbean,6.476,1.131,1.331,0.808,0.431,0.197,0.061
0,2018,32,Qatar,Middle East and North Africa,6.374,1.649,1.303,0.748,0.654,0.256,0.171
0,2018,23,France,Western Europe,6.489,1.293,1.466,0.908,0.52,0.098,0.176
0,2018,29,Argentina,Latin America and Caribbean,6.388,1.073,1.468,0.744,0.57,0.062,0.054
0,2018,21,Czech Republic,Central and Eastern Europe,6.711,1.233,1.489,0.854,0.543,0.064,0.034
0,2018,31,Uruguay,Latin America and Caribbean,6.379,1.093,1.459,0.771,0.625,0.13,0.155
0,2018,37,Colombia,Latin America and Caribbean,6.26,0.96,1.439,0.635,0.531,0.099,0.039
0,2018,46,Thailand,South Asia,6.072,1.016,1.417,0.707,0.637,0.364,0.029
0,2018,33,Saudi Arabia,Middle East and North Africa,6.371,1.379,1.331,0.633,0.509,0.098,0.127
0,2018,36,Spain,Western Europe,6.31,1.251,1.538,0.965,0.449,0.142,0.074
0,2018,22,Malta,Western Europe,6.627,1.27,1.525,0.884,0.645,0.376,0.142
0,2018,26,Taiwan,East Asia,6.441,1.365,1.436,0.857,0.418,0.151,0.078
0,2018,45,Kuwait,Middle East and North Africa,6.083,1.474,1.301,0.675,0.554,0.167,0.106
0,2018,40,El Salvador,Latin America and Caribbean,6.167,0.806,1.231,0.639,0.461,0.065,0.082
0,2018,30,Guatemala,Latin America and Caribbean,6.382,0.781,1.268,0.608,0.604,0.179,0.071
0,2018,44,Uzbekistan,Central and Eastern Europe,6.096,0.719,1.584,0.605,0.724,0.328,0.259
0,2018,39,Slovakia,Central and Eastern Europe,6.173,1.21,1.537,0.776,0.354,0.118,0.014
0,2018,54,Japan,East Asia,5.915,1.294,1.462,0.988,0.553,0.079,0.15
0,2018,57,South Korea,East Asia,5.875,1.266,1.204,0.955,0.244,0.175,0.051
0,2018,48,Ecuador,Latin America and Caribbean,5.973,0.889,1.33,0.736,0.556,0.114,0.12
0,2018,43,Bahrain,Middle East and North Africa,6.105,1.338,1.366,0.698,0.594,0.243,0.123
0,2018,47,Italy,Western Europe,6,1.264,1.501,0.946,0.281,0.137,0.028
0,2018,62,Bolivia,Latin America and Caribbean,5.752,0.751,1.223,0.508,0.606,0.141,0.054
0,2018,67,Moldova,Central and Eastern Europe,5.64,0.657,1.301,0.62,0.232,0.171,0
0,2018,64,Paraguay,Latin America and Caribbean,5.681,0.835,1.522,0.615,0.541,0.162,0.074
0,2018,60,Kazakhstan,Central and Eastern Europe,5.79,1.143,1.516,0.631,0.454,0.148,0.121
0,2018,51,Slovenia,Central and Eastern Europe,5.948,1.219,1.506,0.856,0.633,0.16,0.051
0,2018,50,Lithuania,Central and Eastern Europe,5.952,1.197,1.527,0.716,0.35,0.026,0.006
0,2018,41,Nicaragua,Latin America and Caribbean,6.141,0.668,1.319,0.7,0.527,0.208,0.128
0,2018,65,Peru,Latin America and Caribbean,5.663,0.934,1.249,0.674,0.53,0.092,0.034
0,2018,73,Belarus,Central and Eastern Europe,5.483,1.039,1.498,0.7,0.307,0.101,0.154
0,2018,42,Poland,Central and Eastern Europe,6.123,1.176,1.448,0.781,0.546,0.108,0.064
0,2018,35,Malaysia,South Asia,6.322,1.161,1.258,0.669,0.356,0.311,0.059
0,2018,82,Croatia,Central and Eastern Europe,5.321,1.115,1.161,0.737,0.38,0.12,0.039
0,2018,70,Libya,Middle East and North Africa,5.566,0.985,1.35,0.553,0.496,0.116,0.148
0,2018,59,Russia,Central and Eastern Europe,5.81,1.151,1.479,0.599,0.399,0.065,0.025
0,2018,56,Jamaica,Latin America and Caribbean,5.89,0.819,1.493,0.693,0.575,0.096,0.031
0,2018,61,Cyprus,Western Europe,5.762,1.229,1.191,0.909,0.423,0.202,0.035
0,2018,84,Algeria,Middle East and North Africa,5.295,0.979,1.154,0.687,0.077,0.055,0.135
0,2018,66,Kosovo,Central and Eastern Europe,5.662,0.855,1.23,0.578,0.448,0.274,0.023
0,2018,68,Turkmenistan,Central and Eastern Europe,5.636,1.016,1.533,0.517,0.417,0.199,0.037
0,2018,55,Mauritius,Sub-Saharan Africa,5.891,1.09,1.387,0.684,0.584,0.245,0.05
0,2018,76,Hong Kong,East Asia,5.43,1.405,1.29,1.03,0.524,0.246,0.291
0,2018,63,Estonia,Central and Eastern Europe,5.739,1.2,1.532,0.737,0.553,0.086,0.174
0,2018,96,Indonesia,South Asia,5.093,0.899,1.215,0.522,0.538,0.484,0.018
0,2018,95,Vietnam,South Asia,5.103,0.715,1.365,0.702,0.618,0.177,0.079
0,2018,74,Turkey,Middle East and North Africa,5.483,1.148,1.38,0.686,0.324,0.106,0.109
0,2018,92,Kyrgyzstan,Central and Eastern Europe,5.131,0.53,1.416,0.594,0.54,0.281,0.035
0,2018,91,Nigeria,Sub-Saharan Africa,5.155,0.689,1.172,0.048,0.462,0.201,0.032
0,2018,97,Bhutan,South Asia,5.082,0.796,1.335,0.527,0.541,0.364,0.171
0,2018,87,Azerbaijan,Central and Eastern Europe,5.201,1.024,1.161,0.603,0.43,0.031,0.176
0,2018,75,Pakistan,South Asia,5.472,0.652,0.81,0.424,0.334,0.216,0.113
0,2018,90,Jordan,Middle East and North Africa,5.161,0.822,1.265,0.645,0.468,0.13,0.134
0,2018,81,Montenegro,Central and Eastern Europe,5.347,1.017,1.279,0.729,0.259,0.111,0.081
0,2018,86,China,East Asia,5.246,0.989,1.142,0.799,0.597,0.029,0.103
0,2018,125,Zambia,Sub-Saharan Africa,4.377,0.562,1.047,0.295,0.503,0.221,0.082
0,2018,52,Romania,Central and Eastern Europe,5.945,1.116,1.219,0.726,0.528,0.088,0.001
0,2018,78,Serbia,Central and Eastern Europe,5.398,0.975,1.369,0.685,0.288,0.134,0.043
0,2018,77,Portugal,Western Europe,5.41,1.188,1.429,0.884,0.562,0.055,0.017
0,2018,53,Latvia,Central and Eastern Europe,5.933,1.148,1.454,0.671,0.363,0.092,0.066
0,2018,71,Philippines,South Asia,5.524,0.775,1.312,0.513,0.643,0.12,0.105
0,2018,98,Somalia,Sub-Saharan Africa,4.982,0,0.712,0.115,0.674,0.238,0.282
0,2018,85,Morocco,Middle East and North Africa,5.254,0.779,0.797,0.669,0.46,0.026,0.074
0,2018,89,Macedonia,Central and Eastern Europe,5.185,0.959,1.239,0.691,0.394,0.173,0.052
0,2018,123,Mozambique,Sub-Saharan Africa,4.417,0.198,0.902,0.173,0.531,0.206,0.158
0,2018,112,Albania,Central and Eastern Europe,4.586,0.916,0.817,0.79,0.419,0.149,0.032
0,2018,93,Bosnia and Herzegovina,Central and Eastern Europe,5.129,0.915,1.078,0.758,0.28,0.216,0
0,2018,141,Lesotho,Sub-Saharan Africa,3.808,0.472,1.215,0.079,0.423,0.116,0.112
0,2018,83,Dominican Republic,Latin America and Caribbean,5.302,0.982,1.441,0.614,0.578,0.12,0.106
0,2018,110,Laos,South Asia,4.623,0.72,1.034,0.441,0.626,0.23,0.174
0,2018,94,Mongolia,East Asia,5.125,0.914,1.517,0.575,0.395,0.253,0.032
0,2018,79,Greece,Western Europe,5.358,1.154,1.202,0.879,0.131,0,0.044
0,2018,80,Lebanon,Middle East and North Africa,5.358,0.965,1.179,0.785,0.503,0.214,0.136
0,2018,69,Hungary,Central and Eastern Europe,5.62,1.171,1.401,0.732,0.259,0.061,0.022
0,2018,72,Honduras,Latin America and Caribbean,5.504,0.62,1.205,0.622,0.459,0.197,0.074
0,2018,88,Tajikistan,Central and Eastern Europe,5.199,0.474,1.166,0.598,0.292,0.187,0.034
0,2018,111,Tunisia,Middle East and North Africa,4.592,0.9,0.906,0.69,0.271,0.04,0.063
0,2018,104,Palestinian Territories,Middle East and North Africa,4.743,0.642,1.217,0.602,0.266,0.086,0.076
0,2018,115,Bangladesh,South Asia,4.5,0.532,0.85,0.579,0.58,0.153,0.144
0,2018,106,Iran,Middle East and North Africa,4.707,1.059,0.771,0.691,0.459,0.282,0.129
0,2018,138,Ukraine,Central and Eastern Europe,4.103,0.793,1.413,0.609,0.163,0.187,0.011
0,2018,117,Iraq,Middle East and North Africa,4.456,1.01,0.971,0.536,0.304,0.148,0.095
0,2018,105,South Africa,Sub-Saharan Africa,4.724,0.94,1.41,0.33,0.516,0.103,0.056
0,2018,108,Ghana,Sub-Saharan Africa,4.657,0.592,0.896,0.337,0.499,0.212,0.029
0,2018,144,Zimbabwe,Sub-Saharan Africa,3.692,0.357,1.094,0.248,0.406,0.132,0.099
0,2018,149,Liberia,Sub-Saharan Africa,3.495,0.076,0.858,0.267,0.419,0.206,0.03
0,2018,133,India,South Asia,4.19,0.721,0.747,0.485,0.539,0.172,0.093
0,2018,137,Sudan,Sub-Saharan Africa,4.139,0.605,1.24,0.312,0.016,0.134,0.082
0,2018,148,Haiti,Latin America and Caribbean,3.582,0.315,0.714,0.289,0.025,0.392,0.104
0,2018,132,Congo (Kinshasa),Sub-Saharan Africa,4.245,0.069,1.136,0.204,0.312,0.197,0.052
0,2018,101,Nepal,South Asia,4.88,0.425,1.228,0.539,0.526,0.302,0.078
0,2018,127,Ethiopia,Sub-Saharan Africa,4.35,0.308,0.95,0.391,0.452,0.22,0.146
0,2018,113,Sierra Leone,Sub-Saharan Africa,4.571,0.256,0.813,0,0.355,0.238,0.053
0,2018,126,Mauritania,Sub-Saharan Africa,4.356,0.557,1.245,0.292,0.129,0.134,0.093
0,2018,124,Kenya,Sub-Saharan Africa,4.41,0.493,1.048,0.454,0.504,0.352,0.055
0,2018,129,Armenia,Central and Eastern Europe,4.321,0.816,0.99,0.666,0.26,0.077,0.028
0,2018,146,Botswana,Sub-Saharan Africa,3.59,1.017,1.174,0.417,0.557,0.042,0.092
0,2018,130,Myanmar,South Asia,4.308,0.682,1.174,0.429,0.58,0.598,0.178
0,2018,128,Georgia,Central and Eastern Europe,4.34,0.853,0.592,0.643,0.375,0.038,0.215
0,2018,147,Malawi,Sub-Saharan Africa,3.587,0.186,0.541,0.306,0.531,0.21,0.08
0,2018,116,Sri Lanka,South Asia,4.471,0.918,1.314,0.672,0.585,0.307,0.05
0,2018,99,Cameroon,Sub-Saharan Africa,4.975,0.535,0.891,0.182,0.454,0.183,0.043
0,2018,100,Bulgaria,Central and Eastern Europe,4.933,1.054,1.515,0.712,0.359,0.064,0.009
0,2018,122,Egypt,Middle East and North Africa,4.419,0.885,1.025,0.553,0.312,0.092,0.107
0,2018,152,Yemen,Middle East and North Africa,3.355,0.442,1.073,0.343,0.244,0.083,0.064
0,2018,142,Angola,Sub-Saharan Africa,3.795,0.73,1.125,0.269,0,0.079,0.061
0,2018,118,Mali,Sub-Saharan Africa,4.447,0.37,1.233,0.152,0.367,0.139,0.056
0,2018,114,Congo (Brazzaville),Sub-Saharan Africa,4.559,0.682,0.811,0.343,0.514,0.091,0.077
0,2018,135,Uganda,Sub-Saharan Africa,4.161,0.322,1.09,0.237,0.45,0.259,0.061
0,2018,109,Senegal,Sub-Saharan Africa,4.631,0.429,1.117,0.433,0.406,0.138,0.082
0,2018,103,Gabon,Sub-Saharan Africa,4.758,1.036,1.164,0.404,0.356,0.032,0.052
0,2018,134,Niger,Sub-Saharan Africa,4.166,0.131,0.867,0.221,0.39,0.175,0.099
0,2018,120,Cambodia,South Asia,4.433,0.549,1.088,0.457,0.696,0.256,0.065
0,2018,153,Tanzania,Sub-Saharan Africa,3.303,0.455,0.991,0.381,0.481,0.27,0.097
0,2018,143,Madagascar,Sub-Saharan Africa,3.774,0.262,0.908,0.402,0.221,0.155,0.049
0,2018,155,Central African Republic,Sub-Saharan Africa,3.083,0.024,0,0.01,0.305,0.218,0.038
0,2018,131,Chad,Sub-Saharan Africa,4.301,0.358,0.907,0.053,0.189,0.181,0.06
0,2018,140,Guinea,Sub-Saharan Africa,3.964,0.344,0.792,0.211,0.394,0.185,0.094
0,2018,107,Ivory Coast,Sub-Saharan Africa,4.671,0.541,0.872,0.08,0.467,0.146,0.103
0,2018,121,Burkina Faso,Sub-Saharan Africa,4.424,0.314,1.097,0.254,0.312,0.175,0.128
0,2018,145,Afghanistan,South Asia,3.632,0.332,0.537,0.255,0.085,0.191,0.036
0,2018,151,Rwanda,Sub-Saharan Africa,3.408,0.332,0.896,0.4,0.636,0.2,0.444
0,2018,136,Benin,Sub-Saharan Africa,4.141,0.378,0.372,0.24,0.44,0.163,0.067
0,2018,150,Syria,Middle East and North Africa,3.462,0.689,0.382,0.539,0.088,0.376,0.144
0,2018,156,Burundi,Sub-Saharan Africa,2.905,0.091,0.627,0.145,0.065,0.149,0.076
0,2018,139,Togo,Sub-Saharan Africa,3.999,0.259,0.474,0.253,0.434,0.158,0.101
0,2018,154,South Sudan,Sub-Saharan Africa,3.254,0.337,0.608,0.177,0.112,0.224,0.106
0,2018,119,Namibia,Sub-Saharan Africa,4.441,0.874,1.281,0.365,0.519,0.051,0.064
0,2018,49,Belize,Latin America and Caribbean,5.956,0.807,1.101,0.474,0.593,0.183,0.089
0,2018,58,Northern Cyprus,Western Europe,5.835,1.229,1.211,0.909,0.495,0.179,0.154
0,2018,38,Trinidad & Tobago,Latin America and Caribbean,6.192,1.223,1.492,0.564,0.575,0.171,0.019
0,2019,6,Switzerland,Western Europe,7.48,1.452,1.526,1.052,0.572,0.263,0.343
0,2019,4,Iceland,Western Europe,7.494,1.38,1.624,1.026,0.591,0.354,0.118
0,2019,2,Denmark,Western Europe,7.6,1.383,1.573,0.996,0.592,0.252,0.41
0,2019,3,Norway,Western Europe,7.554,1.488,1.582,1.028,0.603,0.271,0.341
0,2019,9,Canada,North America,7.278,1.365,1.505,1.039,0.584,0.285,0.308
0,2019,1,Finland,Western Europe,7.769,1.34,1.587,0.986,0.596,0.153,0.393
0,2019,5,Netherlands,Western Europe,7.488,1.396,1.522,0.999,0.557,0.322,0.298
0,2019,7,Sweden,Western Europe,7.343,1.387,1.487,1.009,0.574,0.267,0.373
0,2019,8,New Zealand,Australia and New Zealand,7.307,1.303,1.557,1.026,0.585,0.33,0.38
0,2019,11,Australia,Australia and New Zealand,7.228,1.372,1.548,1.036,0.557,0.332,0.29
0,2019,13,Israel,Middle East and North Africa,7.139,1.276,1.455,1.029,0.371,0.261,0.082
0,2019,12,Costa Rica,Latin America and Caribbean,7.167,1.034,1.441,0.963,0.558,0.144,0.093
0,2019,10,Austria,Western Europe,7.246,1.376,1.475,1.016,0.532,0.244,0.226
0,2019,23,Mexico,Latin America and Caribbean,6.595,1.07,1.323,0.861,0.433,0.074,0.073
0,2019,19,United States,North America,6.892,1.433,1.457,0.874,0.454,0.28,0.128
0,2019,32,Brazil,Latin America and Caribbean,6.3,1.004,1.439,0.802,0.39,0.099,0.086
0,2019,14,Luxembourg,Western Europe,7.09,1.609,1.479,1.012,0.526,0.194,0.316
0,2019,16,Ireland,Western Europe,7.021,1.499,1.553,0.999,0.516,0.298,0.31
0,2019,18,Belgium,Western Europe,6.923,1.356,1.504,0.986,0.473,0.16,0.21
0,2019,21,United Arab Emirates,Middle East and North Africa,6.825,1.503,1.31,0.825,0.598,0.262,0.182
0,2019,15,United Kingdom,Western Europe,7.054,1.333,1.538,0.996,0.45,0.348,0.278
0,2019,108,Venezuela,Latin America and Caribbean,4.707,0.96,1.427,0.805,0.154,0.064,0.047
0,2019,34,Singapore,South Asia,6.262,1.572,1.463,1.141,0.556,0.271,0.453
0,2019,31,Panama,Latin America and Caribbean,6.321,1.149,1.442,0.91,0.516,0.109,0.054
0,2019,17,Germany,Western Europe,6.985,1.373,1.454,0.987,0.495,0.261,0.265
0,2019,26,Chile,Latin America and Caribbean,6.444,1.159,1.369,0.92,0.357,0.187,0.056
0,2019,29,Qatar,Middle East and North Africa,6.374,1.684,1.313,0.871,0.555,0.22,0.167
0,2019,24,France,Western Europe,6.592,1.324,1.472,1.045,0.436,0.111,0.183
0,2019,47,Argentina,Latin America and Caribbean,6.086,1.092,1.432,0.881,0.471,0.066,0.05
0,2019,20,Czech Republic,Central and Eastern Europe,6.852,1.269,1.487,0.92,0.457,0.046,0.036
0,2019,33,Uruguay,Latin America and Caribbean,6.293,1.124,1.465,0.891,0.523,0.127,0.15
0,2019,43,Colombia,Latin America and Caribbean,6.125,0.985,1.41,0.841,0.47,0.099,0.034
0,2019,52,Thailand,South Asia,6.008,1.05,1.409,0.828,0.557,0.359,0.028
0,2019,28,Saudi Arabia,Middle East and North Africa,6.375,1.403,1.357,0.795,0.439,0.08,0.132
0,2019,30,Spain,Western Europe,6.354,1.286,1.484,1.062,0.362,0.153,0.079
0,2019,22,Malta,Western Europe,6.726,1.3,1.52,0.999,0.564,0.375,0.151
0,2019,25,Taiwan,East Asia,6.446,1.368,1.43,0.914,0.351,0.242,0.097
0,2019,51,Kuwait,Middle East and North Africa,6.021,1.5,1.319,0.808,0.493,0.142,0.097
0,2019,35,El Salvador,Latin America and Caribbean,6.253,0.794,1.242,0.789,0.43,0.093,0.074
0,2019,27,Guatemala,Latin America and Caribbean,6.436,0.8,1.269,0.746,0.535,0.175,0.078
0,2019,41,Uzbekistan,Central and Eastern Europe,6.174,0.745,1.529,0.756,0.631,0.322,0.24
0,2019,38,Slovakia,Central and Eastern Europe,6.198,1.246,1.504,0.881,0.334,0.121,0.014
0,2019,58,Japan,East Asia,5.886,1.327,1.419,1.088,0.445,0.069,0.14
0,2019,54,South Korea,East Asia,5.895,1.301,1.219,1.036,0.159,0.175,0.056
0,2019,50,Ecuador,Latin America and Caribbean,6.028,0.912,1.312,0.868,0.498,0.126,0.087
0,2019,37,Bahrain,Middle East and North Africa,6.199,1.362,1.368,0.871,0.536,0.255,0.11
0,2019,36,Italy,Western Europe,6.223,1.294,1.488,1.039,0.231,0.158,0.03
0,2019,61,Bolivia,Latin America and Caribbean,5.779,0.776,1.209,0.706,0.511,0.137,0.064
0,2019,71,Moldova,Central and Eastern Europe,5.529,0.685,1.328,0.739,0.245,0.181,0
0,2019,63,Paraguay,Latin America and Caribbean,5.743,0.855,1.475,0.777,0.514,0.184,0.08
0,2019,60,Kazakhstan,Central and Eastern Europe,5.809,1.173,1.508,0.729,0.41,0.146,0.096
0,2019,44,Slovenia,Central and Eastern Europe,6.118,1.258,1.523,0.953,0.564,0.144,0.057
0,2019,42,Lithuania,Central and Eastern Europe,6.149,1.238,1.515,0.818,0.291,0.043,0.042
0,2019,45,Nicaragua,Latin America and Caribbean,6.105,0.694,1.325,0.835,0.435,0.2,0.127
0,2019,65,Peru,Latin America and Caribbean,5.697,0.96,1.274,0.854,0.455,0.083,0.027
0,2019,81,Belarus,Central and Eastern Europe,5.323,1.067,1.465,0.789,0.235,0.094,0.142
0,2019,40,Poland,Central and Eastern Europe,6.182,1.206,1.438,0.884,0.483,0.117,0.05
0,2019,80,Malaysia,South Asia,5.339,1.221,1.171,0.828,0.508,0.26,0.024
0,2019,75,Croatia,Central and Eastern Europe,5.432,1.155,1.266,0.914,0.296,0.119,0.022
0,2019,72,Libya,Middle East and North Africa,5.525,1.044,1.303,0.673,0.416,0.133,0.152
0,2019,68,Russia,Central and Eastern Europe,5.648,1.183,1.452,0.726,0.334,0.082,0.031
0,2019,56,Jamaica,Latin America and Caribbean,5.89,0.831,1.478,0.831,0.49,0.107,0.028
0,2019,49,Cyprus,Western Europe,6.046,1.263,1.223,1.042,0.406,0.19,0.041
0,2019,88,Algeria,Middle East and North Africa,5.211,1.002,1.16,0.785,0.086,0.073,0.114
0,2019,46,Kosovo,Central and Eastern Europe,6.1,0.882,1.232,0.758,0.489,0.262,0.006
0,2019,87,Turkmenistan,Central and Eastern Europe,5.247,1.052,1.538,0.657,0.394,0.244,0.028
0,2019,57,Mauritius,Sub-Saharan Africa,5.888,1.12,1.402,0.798,0.498,0.215,0.06
0,2019,76,Hong Kong,East Asia,5.43,1.438,1.277,1.122,0.44,0.258,0.287
0,2019,55,Estonia,Central and Eastern Europe,5.893,1.237,1.528,0.874,0.495,0.103,0.161
0,2019,92,Indonesia,South Asia,5.192,0.931,1.203,0.66,0.491,0.498,0.028
0,2019,94,Vietnam,South Asia,5.175,0.741,1.346,0.851,0.543,0.147,0.073
0,2019,79,Turkey,Middle East and North Africa,5.373,1.183,1.36,0.808,0.195,0.083,0.106
0,2019,86,Kyrgyzstan,Central and Eastern Europe,5.261,0.551,1.438,0.723,0.508,0.3,0.023
0,2019,85,Nigeria,Sub-Saharan Africa,5.265,0.696,1.111,0.245,0.426,0.215,0.041
0,2019,95,Bhutan,South Asia,5.082,0.813,1.321,0.604,0.457,0.37,0.167
0,2019,90,Azerbaijan,Central and Eastern Europe,5.208,1.043,1.147,0.769,0.351,0.035,0.182
0,2019,67,Pakistan,South Asia,5.653,0.677,0.886,0.535,0.313,0.22,0.098
0,2019,101,Jordan,Middle East and North Africa,4.906,0.837,1.225,0.815,0.383,0.11,0.13
0,2019,73,Montenegro,Central and Eastern Europe,5.523,1.051,1.361,0.871,0.197,0.142,0.08
0,2019,93,China,East Asia,5.191,1.029,1.125,0.893,0.521,0.058,0.1
0,2019,138,Zambia,Sub-Saharan Africa,4.107,0.578,1.058,0.426,0.431,0.247,0.087
0,2019,48,Romania,Central and Eastern Europe,6.07,1.162,1.232,0.825,0.462,0.083,0.005
0,2019,70,Serbia,Central and Eastern Europe,5.603,1.004,1.383,0.854,0.282,0.137,0.039
0,2019,66,Portugal,Western Europe,5.693,1.221,1.431,0.999,0.508,0.047,0.025
0,2019,53,Latvia,Central and Eastern Europe,5.94,1.187,1.465,0.812,0.264,0.075,0.064
0,2019,69,Philippines,South Asia,5.631,0.807,1.293,0.657,0.558,0.117,0.107
0,2019,112,Somalia,Sub-Saharan Africa,4.668,0,0.698,0.268,0.559,0.243,0.27
0,2019,89,Morocco,Middle East and North Africa,5.208,0.801,0.782,0.782,0.418,0.036,0.076
0,2019,123,Mozambique,Sub-Saharan Africa,4.466,0.204,0.986,0.39,0.494,0.197,0.138
0,2019,107,Albania,Central and Eastern Europe,4.719,0.947,0.848,0.874,0.383,0.178,0.027
0,2019,78,Bosnia and Herzegovina,Central and Eastern Europe,5.386,0.945,1.212,0.845,0.212,0.263,0.006
0,2019,144,Lesotho,Sub-Saharan Africa,3.802,0.489,1.169,0.168,0.359,0.107,0.093
0,2019,77,Dominican Republic,Latin America and Caribbean,5.425,1.015,1.401,0.779,0.497,0.113,0.101
0,2019,105,Laos,South Asia,4.796,0.764,1.03,0.551,0.547,0.266,0.164
0,2019,83,Mongolia,East Asia,5.285,0.948,1.531,0.667,0.317,0.235,0.038
0,2019,135,Swaziland,Sub-Saharan Africa,4.212,0.811,1.149,0,0.313,0.074,0.135
0,2019,82,Greece,Western Europe,5.287,1.181,1.156,0.999,0.067,0,0.034
0,2019,91,Lebanon,Middle East and North Africa,5.197,0.987,1.224,0.815,0.216,0.166,0.027
0,2019,62,Hungary,Central and Eastern Europe,5.758,1.201,1.41,0.828,0.199,0.081,0.02
0,2019,59,Honduras,Latin America and Caribbean,5.86,0.642,1.236,0.828,0.507,0.246,0.078
0,2019,74,Tajikistan,Central and Eastern Europe,5.467,0.493,1.098,0.718,0.389,0.23,0.144
0,2019,124,Tunisia,Middle East and North Africa,4.461,0.921,1,0.815,0.167,0.059,0.055
0,2019,110,Palestinian Territories,Middle East and North Africa,4.696,0.657,1.247,0.672,0.225,0.103,0.066
0,2019,125,Bangladesh,South Asia,4.456,0.562,0.928,0.723,0.527,0.166,0.143
0,2019,117,Iran,Middle East and North Africa,4.548,1.1,0.842,0.785,0.305,0.27,0.125
0,2019,133,Ukraine,Central and Eastern Europe,4.332,0.82,1.39,0.739,0.178,0.187,0.01
0,2019,126,Iraq,Middle East and North Africa,4.437,1.043,0.98,0.574,0.241,0.148,0.089
0,2019,106,South Africa,Sub-Saharan Africa,4.722,0.96,1.351,0.469,0.389,0.13,0.055
0,2019,98,Ghana,Sub-Saharan Africa,4.996,0.611,0.868,0.486,0.381,0.245,0.04
0,2019,146,Zimbabwe,Sub-Saharan Africa,3.663,0.366,1.114,0.433,0.361,0.151,0.089
0,2019,141,Liberia,Sub-Saharan Africa,3.975,0.073,0.922,0.443,0.37,0.233,0.033
0,2019,140,India,South Asia,4.015,0.755,0.765,0.588,0.498,0.2,0.085
0,2019,147,Haiti,Latin America and Caribbean,3.597,0.323,0.688,0.449,0.026,0.419,0.11
0,2019,127,Congo (Kinshasa),Sub-Saharan Africa,4.418,0.094,1.125,0.357,0.269,0.212,0.053
0,2019,100,Nepal,South Asia,4.913,0.446,1.226,0.677,0.439,0.285,0.089
0,2019,134,Ethiopia,Sub-Saharan Africa,4.286,0.336,1.033,0.532,0.344,0.209,0.1
0,2019,129,Sierra Leone,Sub-Saharan Africa,4.374,0.268,0.841,0.242,0.309,0.252,0.045
0,2019,122,Mauritania,Sub-Saharan Africa,4.49,0.57,1.167,0.489,0.066,0.106,0.088
0,2019,121,Kenya,Sub-Saharan Africa,4.509,0.512,0.983,0.581,0.431,0.372,0.053
0,2019,116,Armenia,Central and Eastern Europe,4.559,0.85,1.055,0.815,0.283,0.095,0.064
0,2019,148,Botswana,Sub-Saharan Africa,3.488,1.041,1.145,0.538,0.455,0.025,0.1
0,2019,131,Myanmar,South Asia,4.36,0.71,1.181,0.555,0.525,0.566,0.172
0,2019,119,Georgia,Central and Eastern Europe,4.519,0.886,0.666,0.752,0.346,0.043,0.164
0,2019,150,Malawi,Sub-Saharan Africa,3.41,0.191,0.56,0.495,0.443,0.218,0.089
0,2019,130,Sri Lanka,South Asia,4.366,0.949,1.265,0.831,0.47,0.244,0.047
0,2019,96,Cameroon,Sub-Saharan Africa,5.044,0.549,0.91,0.331,0.381,0.187,0.037
0,2019,97,Bulgaria,Central and Eastern Europe,5.011,1.092,1.513,0.815,0.311,0.081,0.004
0,2019,137,Egypt,Middle East and North Africa,4.166,0.913,1.039,0.644,0.241,0.076,0.067
0,2019,151,Yemen,Middle East and North Africa,3.38,0.287,1.163,0.463,0.143,0.108,0.077
0,2019,128,Mali,Sub-Saharan Africa,4.39,0.385,1.105,0.308,0.327,0.153,0.052
0,2019,103,Congo (Brazzaville),Sub-Saharan Africa,4.812,0.673,0.799,0.508,0.372,0.105,0.093
0,2019,142,Comoros,Sub-Saharan Africa,3.973,0.274,0.757,0.505,0.142,0.275,0.078
0,2019,136,Uganda,Sub-Saharan Africa,4.189,0.332,1.069,0.443,0.356,0.252,0.06
0,2019,111,Senegal,Sub-Saharan Africa,4.681,0.45,1.134,0.571,0.292,0.153,0.072
0,2019,104,Gabon,Sub-Saharan Africa,4.799,1.057,1.183,0.571,0.295,0.043,0.055
0,2019,114,Niger,Sub-Saharan Africa,4.628,0.138,0.774,0.366,0.318,0.188,0.102
0,2019,109,Cambodia,South Asia,4.7,0.574,1.122,0.637,0.609,0.232,0.062
0,2019,153,Tanzania,Sub-Saharan Africa,3.231,0.476,0.885,0.499,0.417,0.276,0.147
0,2019,143,Madagascar,Sub-Saharan Africa,3.933,0.274,0.916,0.555,0.148,0.169,0.041
0,2019,155,Central African Republic,Sub-Saharan Africa,3.083,0.026,0,0.105,0.225,0.235,0.035
0,2019,132,Chad,Sub-Saharan Africa,4.35,0.35,0.766,0.192,0.174,0.198,0.078
0,2019,118,Guinea,Sub-Saharan Africa,4.534,0.38,0.829,0.375,0.332,0.207,0.086
0,2019,99,Ivory Coast,Sub-Saharan Africa,4.944,0.569,0.808,0.232,0.352,0.154,0.09
0,2019,115,Burkina Faso,Sub-Saharan Africa,4.587,0.331,1.056,0.38,0.255,0.177,0.113
0,2019,154,Afghanistan,South Asia,3.203,0.35,0.517,0.361,0,0.158,0.025
0,2019,152,Rwanda,Sub-Saharan Africa,3.334,0.359,0.711,0.614,0.555,0.217,0.411
0,2019,102,Benin,Sub-Saharan Africa,4.883,0.393,0.437,0.397,0.349,0.175,0.082
0,2019,149,Syria,Middle East and North Africa,3.462,0.619,0.378,0.44,0.013,0.331,0.141
0,2019,145,Burundi,Sub-Saharan Africa,3.775,0.046,0.447,0.38,0.22,0.176,0.18
0,2019,139,Togo,Sub-Saharan Africa,4.085,0.275,0.572,0.41,0.293,0.177,0.085
0,2019,156,South Sudan,Sub-Saharan Africa,2.853,0.306,0.575,0.295,0.01,0.202,0.091
0,2019,113,Namibia,Sub-Saharan Africa,4.639,0.879,1.313,0.477,0.401,0.07,0.056
0,2019,64,Northern Cyprus,Western Europe,5.718,1.263,1.252,1.042,0.417,0.191,0.162
0,2019,39,Trinidad & Tobago,Latin America and Caribbean,6.192,1.231,1.477,0.713,0.489,0.185,0.016
0,2019,84,North Macedonia,Central and Eastern Europe,5.274,0.983,1.294,0.838,0.345,0.185,0.034
0,2019,120,Gambia,Sub-Saharan Africa,4.516,0.308,0.939,0.428,0.382,0.269,0.167
2.51738,2015,1,Switzerland,Western Europe,7.587,1.39651,1.34951,0.94143,0.66557,0.29678,0.41978
2.70201,2015,2,Iceland,Western Europe,7.561,1.30232,1.40223,0.94784,0.62877,0.4363,0.14145
2.49204,2015,3,Denmark,Western Europe,7.527,1.32548,1.36058,0.87464,0.64938,0.34139,0.48357
2.46531,2015,4,Norway,Western Europe,7.522,1.459,1.33095,0.88521,0.66973,0.34699,0.36503
2.45176,2015,5,Canada,North America,7.427,1.32629,1.32261,0.90563,0.63297,0.45811,0.32957
2.61955,2015,6,Finland,Western Europe,7.406,1.29025,1.31826,0.88911,0.64169,0.23351,0.41372
2.4657,2015,7,Netherlands,Western Europe,7.378,1.32944,1.28017,0.89284,0.61576,0.4761,0.31814
2.37119,2015,8,Sweden,Western Europe,7.364,1.33171,1.28907,0.91087,0.6598,0.36262,0.43844
2.26425,2015,9,New Zealand,Australia and New Zealand,7.286,1.25018,1.31967,0.90837,0.63938,0.47501,0.42922
2.26646,2015,10,Australia,Australia and New Zealand,7.284,1.33358,1.30923,0.93156,0.65124,0.43562,0.35637
3.08854,2015,11,Israel,Middle East and North Africa,7.278,1.22857,1.22393,0.91387,0.41319,0.33172,0.07785
3.17728,2015,12,Costa Rica,Latin America and Caribbean,7.226,0.95578,1.23788,0.86027,0.63376,0.25497,0.10583
2.5332,2015,13,Austria,Western Europe,7.2,1.33723,1.29704,0.89042,0.62433,0.33088,0.18676
3.60214,2015,14,Mexico,Latin America and Caribbean,7.187,1.02054,0.91451,0.81444,0.48181,0.14074,0.21312
2.51011,2015,15,United States,North America,7.119,1.39451,1.24711,0.86179,0.54604,0.40105,0.1589
3.26001,2015,16,Brazil,Latin America and Caribbean,6.983,0.98124,1.23287,0.69702,0.49049,0.14574,0.17521
1.96961,2015,17,Luxembourg,Western Europe,6.946,1.56391,1.21963,0.91894,0.61583,0.28034,0.37798
1.9757,2015,18,Ireland,Western Europe,6.94,1.33596,1.36948,0.89533,0.61777,0.45901,0.28703
2.41484,2015,19,Belgium,Western Europe,6.937,1.30782,1.28566,0.89667,0.5845,0.2225,0.2254
2.24743,2015,20,United Arab Emirates,Middle East and North Africa,6.901,1.42727,1.12575,0.80925,0.64157,0.26428,0.38583
1.96994,2015,21,United Kingdom,Western Europe,6.867,1.26637,1.28548,0.90943,0.59625,0.51912,0.32067
2.47489,2015,22,Oman,Middle East and North Africa,6.853,1.36011,1.08182,0.76276,0.63274,0.21542,0.32524
3.19131,2015,23,Venezuela,Latin America and Caribbean,6.81,1.04424,1.25596,0.72052,0.42908,0.05841,0.11069
1.88501,2015,24,Singapore,South Asia,6.798,1.52186,1.02,1.02525,0.54252,0.31105,0.4921
2.84848,2015,25,Panama,Latin America and Caribbean,6.786,1.06353,1.1985,0.79661,0.5421,0.24434,0.0927
2.11569,2015,26,Germany,Western Europe,6.75,1.32792,1.29937,0.89186,0.61477,0.28214,0.21843
2.67585,2015,27,Chile,Latin America and Caribbean,6.67,1.10715,1.12447,0.85857,0.44132,0.33363,0.12869
1.55674,2015,28,Qatar,Middle East and North Africa,6.611,1.69042,1.0786,0.79733,0.6404,0.32573,0.52208
2.21126,2015,29,France,Western Europe,6.575,1.27778,1.26038,0.94579,0.55011,0.12332,0.20646
2.836,2015,30,Argentina,Latin America and Caribbean,6.574,1.05351,1.24823,0.78723,0.44974,0.11451,0.08484
2.67782,2015,31,Czech Republic,Central and Eastern Europe,6.505,1.17898,1.20643,0.84483,0.46364,0.10686,0.02652
2.32142,2015,32,Uruguay,Latin America and Caribbean,6.485,1.06166,1.2089,0.8116,0.60362,0.2324,0.24558
2.85737,2015,33,Colombia,Latin America and Caribbean,6.477,0.91861,1.24018,0.69077,0.53466,0.18401,0.0512
2.31945,2015,34,Thailand,South Asia,6.455,0.9669,1.26504,0.7385,0.55664,0.5763,0.03187
2.43872,2015,35,Saudi Arabia,Middle East and North Africa,6.411,1.39541,1.08393,0.72025,0.31048,0.13706,0.32524
2.12367,2015,36,Spain,Western Europe,6.329,1.23011,1.31379,0.95562,0.45951,0.18227,0.06398
1.6488,2015,37,Malta,Western Europe,6.302,1.2074,1.30203,0.88721,0.60365,0.51752,0.13586
2.32323,2015,38,Taiwan,East Asia,6.298,1.29098,1.07617,0.8753,0.3974,0.25376,0.08129
1.87634,2015,39,Kuwait,Middle East and North Africa,6.295,1.55422,1.16594,0.72492,0.55499,0.16228,0.25609
2.79094,2015,40,Suriname,Latin America and Caribbean,6.269,0.99534,0.972,0.6082,0.59657,0.16991,0.13633
2.26882,2015,41,Trinidad and Tobago,Latin America and Caribbean,6.168,1.21183,1.18354,0.61483,0.55884,0.31844,0.0114
3.035,2015,42,El Salvador,Latin America and Caribbean,6.13,0.76454,1.02507,0.67737,0.4035,0.10692,0.11776
2.74255,2015,43,Guatemala,Latin America and Caribbean,6.123,0.74553,1.04356,0.64425,0.57733,0.27489,0.09472
2.23741,2015,44,Uzbekistan,Central and Eastern Europe,6.003,0.63244,1.34043,0.59772,0.65821,0.22837,0.30826
2.24639,2015,45,Slovakia,Central and Eastern Europe,5.995,1.16891,1.26999,0.78902,0.31751,0.16893,0.03431
1.68435,2015,46,Japan,East Asia,5.987,1.27074,1.25712,0.99111,0.49615,0.10705,0.1806
2.21978,2015,47,South Korea,East Asia,5.984,1.24461,0.95774,0.96538,0.33208,0.18557,0.07857
2.53942,2015,48,Ecuador,Latin America and Caribbean,5.975,0.86402,0.99903,0.79075,0.48574,0.11541,0.1809
1.73797,2015,49,Bahrain,Middle East and North Africa,5.96,1.32376,1.21624,0.74716,0.45492,0.17362,0.306
2.02518,2015,50,Italy,Western Europe,5.948,1.25114,1.19777,0.95446,0.26236,0.22823,0.02901
2.82334,2015,51,Bolivia,Latin America and Caribbean,5.89,0.68133,0.97841,0.5392,0.57414,0.20536,0.088
3.10712,2015,52,Moldova,Central and Eastern Europe,5.889,0.59448,1.01528,0.61826,0.32818,0.20951,0.01615
2.18896,2015,53,Paraguay,Latin America and Caribbean,5.878,0.75985,1.30477,0.66098,0.53899,0.3424,0.08242
2.24729,2015,54,Kazakhstan,Central and Eastern Europe,5.855,1.12254,1.12241,0.64368,0.51649,0.11827,0.08454
1.61583,2015,55,Slovenia,Central and Eastern Europe,5.848,1.18498,1.27385,0.87337,0.60855,0.25328,0.03787
2.44649,2015,56,Lithuania,Central and Eastern Europe,5.833,1.14723,1.25745,0.73128,0.21342,0.02641,0.01031
2.32407,2015,57,Nicaragua,Latin America and Caribbean,5.828,0.59325,1.14184,0.74314,0.55475,0.27815,0.19317
2.5945,2015,58,Peru,Latin America and Caribbean,5.824,0.90019,0.97459,0.73017,0.41496,0.14982,0.05989
2.1309,2015,59,Belarus,Central and Eastern Europe,5.813,1.03192,1.23289,0.73608,0.37938,0.11046,0.1909
1.86565,2015,60,Poland,Central and Eastern Europe,5.791,1.12555,1.27948,0.77903,0.53122,0.16759,0.04212
1.88541,2015,61,Malaysia,South Asia,5.77,1.12486,1.07023,0.72394,0.53024,0.33075,0.10501
2.75414,2015,62,Croatia,Central and Eastern Europe,5.759,1.08254,0.79624,0.78805,0.25883,0.05444,0.0243
2.09066,2015,63,Libya,Middle East and North Africa,5.754,1.13145,1.11862,0.7038,0.41668,0.18295,0.11023
2.27394,2015,64,Russia,Central and Eastern Europe,5.716,1.13764,1.23617,0.66926,0.36679,0.00199,0.03005
2.32038,2015,65,Jamaica,Latin America and Caribbean,5.709,0.81038,1.15102,0.68741,0.50442,0.2123,0.02299
1.59888,2015,66,Northern Cyprus,Western Europe,5.695,1.20806,1.07008,0.92356,0.49027,0.26169,0.1428
1.88931,2015,67,Cyprus,Western Europe,5.689,1.20813,0.89318,0.92356,0.40672,0.30638,0.06146
2.43209,2015,68,Algeria,Middle East and North Africa,5.605,0.93929,1.07772,0.61766,0.28579,0.07822,0.17383
2.76579,2015,69,Kosovo,Central and Eastern Europe,5.589,0.80148,0.81198,0.63132,0.24749,0.2831,0.04741
1.86984,2015,70,Turkmenistan,Central and Eastern Europe,5.548,0.95847,1.22668,0.53886,0.4761,0.16979,0.30844
1.76145,2015,71,Mauritius,Sub-Saharan Africa,5.477,1.00761,0.98521,0.7095,0.56066,0.37744,0.07521
0.65429,2015,72,Hong Kong,East Asia,5.474,1.38604,1.05818,1.01328,0.59608,0.39478,0.37124
1.58782,2015,73,Estonia,Central and Eastern Europe,5.429,1.15174,1.22791,0.77361,0.44888,0.0868,0.15184
1.86399,2015,74,Indonesia,South Asia,5.399,0.82827,1.08708,0.63793,0.46611,0.51535,0
2.20173,2015,75,Vietnam,South Asia,5.36,0.63216,0.91226,0.74676,0.59444,0.1686,0.10441
2.08528,2015,76,Turkey,Middle East and North Africa,5.332,1.06098,0.94632,0.73172,0.22815,0.12253,0.15746
2.2327,2015,77,Kyrgyzstan,Central and Eastern Europe,5.286,0.47428,1.15115,0.65088,0.43477,0.3003,0.04232
2.89319,2015,78,Nigeria,Sub-Saharan Africa,5.268,0.65435,0.90432,0.16007,0.34334,0.27233,0.0403
1.63794,2015,79,Bhutan,South Asia,5.253,0.77042,1.10395,0.57407,0.53206,0.47998,0.15445
2.00073,2015,80,Azerbaijan,Central and Eastern Europe,5.212,1.02389,0.93793,0.64045,0.3703,0.07799,0.16065
3.10709,2015,81,Pakistan,South Asia,5.194,0.59543,0.41411,0.51466,0.12102,0.33671,0.10464
1.87996,2015,82,Jordan,Middle East and North Africa,5.192,0.90198,1.05392,0.69639,0.40661,0.11053,0.14293
2.10017,2015,82,Montenegro,Central and Eastern Europe,5.192,0.97438,0.90557,0.72521,0.1826,0.1614,0.14296
1.8604,2015,84,China,East Asia,5.14,0.89012,0.94675,0.81658,0.51697,0.08185,0.02781
2.6343,2015,85,Zambia,Sub-Saharan Africa,5.129,0.47038,0.91612,0.29924,0.48827,0.19591,0.12468
1.93129,2015,86,Romania,Central and Eastern Europe,5.124,1.04345,0.88588,0.7689,0.35068,0.13748,0.00649
2.025,2015,87,Serbia,Central and Eastern Europe,5.123,0.92053,1.00964,0.74836,0.20107,0.19231,0.02617
1.26462,2015,88,Portugal,Western Europe,5.102,1.15991,1.13935,0.87519,0.51469,0.13719,0.01078
1.62215,2015,89,Latvia,Central and Eastern Europe,5.098,1.11312,1.09562,0.72437,0.29671,0.18226,0.06332
1.7536,2015,90,Philippines,South Asia,5.073,0.70532,1.03516,0.58114,0.62545,0.24991,0.12279
2.11032,2015,91,Somalia,Sub-Saharan Africa,5.057,0.18847,0.95152,0.43873,0.46582,0.50318,0.39928
2.45373,2015,92,Morocco,Middle East and North Africa,5.013,0.73479,0.64095,0.60954,0.41691,0.07172,0.08546
1.73933,2015,93,Macedonia,Central and Eastern Europe,5.007,0.91851,1.00232,0.73545,0.33457,0.22359,0.05327
3.05137,2015,94,Mozambique,Sub-Saharan Africa,4.971,0.08308,1.02626,0.09131,0.34037,0.22269,0.15603
1.89894,2015,95,Albania,Central and Eastern Europe,4.959,0.87867,0.80434,0.81325,0.35733,0.14272,0.06413
2.06367,2015,96,Bosnia and Herzegovina,Central and Eastern Europe,4.949,0.83223,0.91916,0.79081,0.09245,0.24808,0.00227
2.79832,2015,97,Lesotho,Sub-Saharan Africa,4.898,0.37545,1.04103,0.07612,0.31767,0.16388,0.12504
1.21305,2015,98,Dominican Republic,Latin America and Caribbean,4.885,0.89537,1.17202,0.66825,0.57672,0.21684,0.14234
1.73799,2015,99,Laos,South Asia,4.876,0.59066,0.73803,0.54909,0.59591,0.42192,0.24249
1.34759,2015,100,Mongolia,East Asia,4.874,0.82819,1.3006,0.60268,0.43626,0.3323,0.02666
2.48676,2015,101,Swaziland,Sub-Saharan Africa,4.867,0.71206,1.07284,0.07566,0.30658,0.18259,0.0306
1.80101,2015,102,Greece,Western Europe,4.857,1.15406,0.92933,0.88213,0.07699,0,0.01397
1.57059,2015,103,Lebanon,Middle East and North Africa,4.839,1.02564,0.80001,0.83947,0.33916,0.21854,0.04582
1.24074,2015,104,Hungary,Central and Eastern Europe,4.8,1.12094,1.20215,0.75905,0.32112,0.128,0.02758
1.84408,2015,105,Honduras,Latin America and Caribbean,4.788,0.59532,0.95348,0.6951,0.40148,0.23027,0.06825
2.11399,2015,106,Tajikistan,Central and Eastern Europe,4.786,0.39047,0.85563,0.57379,0.47216,0.22974,0.15072
2.12466,2015,107,Tunisia,Middle East and North Africa,4.739,0.88113,0.60429,0.73793,0.26268,0.06431,0.06358
2.04384,2015,108,Palestinian Territories,Middle East and North Africa,4.715,0.59867,0.92558,0.66015,0.24499,0.11251,0.12905
2.51767,2015,109,Bangladesh,South Asia,4.694,0.39753,0.43106,0.60164,0.4082,0.21222,0.12569
1.6944,2015,110,Iran,Middle East and North Africa,4.686,1.0088,0.54447,0.69805,0.30033,0.38086,0.05863
1.5714,2015,111,Ukraine,Central and Eastern Europe,4.681,0.79907,1.20278,0.6739,0.25123,0.15275,0.02961
1.95335,2015,112,Iraq,Middle East and North Africa,4.677,0.98549,0.81889,0.60237,0,0.17922,0.13788
1.71956,2015,113,South Africa,Sub-Saharan Africa,4.642,0.92049,1.18468,0.27688,0.33207,0.11973,0.08884
2.30919,2015,114,Ghana,Sub-Saharan Africa,4.633,0.54558,0.67954,0.40132,0.42342,0.23087,0.04355
2.44191,2015,115,Zimbabwe,Sub-Saharan Africa,4.61,0.271,1.03276,0.33475,0.25861,0.18987,0.08079
2.77729,2015,116,Liberia,Sub-Saharan Africa,4.571,0.0712,0.78968,0.34201,0.28531,0.24362,0.06232
2.27513,2015,117,India,South Asia,4.565,0.64499,0.38174,0.51529,0.39786,0.26475,0.08492
2.20857,2015,118,Sudan,Sub-Saharan Africa,4.55,0.52107,1.01404,0.36878,0.10081,0.19062,0.1466
2.24173,2015,119,Haiti,Latin America and Caribbean,4.518,0.26673,0.74302,0.38847,0.24425,0.46187,0.17175
2.86712,2015,120,Congo (Kinshasa),Sub-Saharan Africa,4.517,0,1.0012,0.09806,0.22605,0.24834,0.07625
1.95637,2015,121,Nepal,South Asia,4.514,0.35997,0.86449,0.56874,0.38282,0.32296,0.05907
2.44876,2015,122,Ethiopia,Sub-Saharan Africa,4.512,0.19073,0.60406,0.44055,0.4345,0.24325,0.15048
2.51009,2015,123,Sierra Leone,Sub-Saharan Africa,4.507,0.33024,0.95571,0,0.4084,0.21488,0.08786
2.11773,2015,124,Mauritania,Sub-Saharan Africa,4.436,0.45407,0.86908,0.35874,0.24232,0.219,0.17461
1.78555,2015,125,Kenya,Sub-Saharan Africa,4.419,0.36471,0.99876,0.41435,0.42215,0.37542,0.05839
2.05125,2015,126,Djibouti,Sub-Saharan Africa,4.369,0.44025,0.59207,0.36291,0.46074,0.18093,0.28105
1.75873,2015,127,Armenia,Central and Eastern Europe,4.35,0.76821,0.77711,0.7299,0.19847,0.07855,0.039
1.46181,2015,128,Botswana,Sub-Saharan Africa,4.332,0.99355,1.10464,0.04776,0.49495,0.10461,0.12474
1.41805,2015,129,Myanmar,South Asia,4.307,0.27108,0.70905,0.48246,0.44017,0.79588,0.19034
1.59541,2015,130,Georgia,Central and Eastern Europe,4.297,0.7419,0.38562,0.72926,0.40577,0.05547,0.38331
2.80791,2015,131,Malawi,Sub-Saharan Africa,4.292,0.01604,0.41134,0.22562,0.43054,0.33128,0.06977
0.67108,2015,132,Sri Lanka,South Asia,4.271,0.83524,1.01905,0.70806,0.53726,0.40828,0.09179
1.95071,2015,133,Cameroon,Sub-Saharan Africa,4.252,0.4225,0.88767,0.23402,0.49309,0.20618,0.05786
0.89991,2015,134,Bulgaria,Central and Eastern Europe,4.218,1.01216,1.10614,0.76649,0.30587,0.11921,0.00872
1.59927,2015,135,Egypt,Middle East and North Africa,4.194,0.8818,0.747,0.61712,0.17288,0.11291,0.06324
1.92313,2015,136,Yemen,Middle East and North Africa,4.077,0.54649,0.68093,0.40064,0.35571,0.09131,0.07854
1.94939,2015,137,Angola,Sub-Saharan Africa,4.033,0.75778,0.8604,0.16683,0.10384,0.12344,0.07122
1.79293,2015,138,Mali,Sub-Saharan Africa,3.995,0.26074,1.03526,0.20583,0.38857,0.18798,0.12352
1.68135,2015,139,Congo (Brazzaville),Sub-Saharan Africa,3.989,0.67866,0.6629,0.31051,0.41466,0.12388,0.11686
1.95812,2015,140,Comoros,Sub-Saharan Africa,3.956,0.23906,0.79273,0.36315,0.22917,0.17441,0.199
1.42766,2015,141,Uganda,Sub-Saharan Africa,3.931,0.21102,1.13299,0.33861,0.45727,0.29066,0.07267
1.44395,2015,142,Senegal,Sub-Saharan Africa,3.904,0.36498,0.97619,0.4354,0.36772,0.20843,0.10713
0.99895,2015,143,Gabon,Sub-Saharan Africa,3.896,1.06024,0.90528,0.43372,0.31914,0.06822,0.11091
1.87877,2015,144,Niger,Sub-Saharan Africa,3.845,0.0694,0.77265,0.29707,0.47692,0.19387,0.15639
0.98195,2015,145,Cambodia,South Asia,3.819,0.46038,0.62736,0.61114,0.66246,0.40359,0.07247
1.38079,2015,146,Tanzania,Sub-Saharan Africa,3.781,0.2852,1.00268,0.38215,0.32878,0.34377,0.05747
1.851,2015,147,Madagascar,Sub-Saharan Africa,3.681,0.20824,0.66801,0.46721,0.19184,0.21333,0.08124
2.7223,2015,148,Central African Republic,Sub-Saharan Africa,3.678,0.0785,0,0.06699,0.48879,0.23835,0.08289
1.94296,2015,149,Chad,Sub-Saharan Africa,3.667,0.34193,0.76062,0.1501,0.23501,0.18386,0.05269
1.99172,2015,150,Guinea,Sub-Saharan Africa,3.656,0.17417,0.46475,0.24009,0.37725,0.28657,0.12139
1.41723,2015,151,Ivory Coast,Sub-Saharan Africa,3.655,0.46534,0.77115,0.15185,0.46866,0.20165,0.17922
1.46494,2015,152,Burkina Faso,Sub-Saharan Africa,3.587,0.25812,0.85188,0.27125,0.39493,0.21747,0.12832
1.9521,2015,153,Afghanistan,South Asia,3.575,0.31982,0.30285,0.30335,0.23414,0.3651,0.09719
0.67042,2015,154,Rwanda,Sub-Saharan Africa,3.465,0.22208,0.7737,0.42864,0.59201,0.22628,0.55191
1.63328,2015,155,Benin,Sub-Saharan Africa,3.34,0.28665,0.35386,0.3191,0.4845,0.1826,0.0801
0.32858,2015,156,Syria,Middle East and North Africa,3.006,0.6632,0.47489,0.72193,0.15684,0.47179,0.18906
1.83302,2015,157,Burundi,Sub-Saharan Africa,2.905,0.0153,0.41587,0.22396,0.1185,0.19727,0.10062
1.56726,2015,158,Togo,Sub-Saharan Africa,2.839,0.20868,0.13995,0.28443,0.36453,0.16681,0.10731
2.73939,2016,1,Denmark,Western Europe,7.526,1.44178,1.16374,0.79504,0.57941,0.36171,0.44453
2.69463,2016,2,Switzerland,Western Europe,7.509,1.52733,1.14524,0.86303,0.58557,0.28083,0.41203
2.83137,2016,3,Iceland,Western Europe,7.501,1.42666,1.18326,0.86733,0.56624,0.47678,0.14975
2.66465,2016,4,Norway,Western Europe,7.498,1.57744,1.1269,0.79579,0.59609,0.37895,0.35776
2.82596,2016,5,Finland,Western Europe,7.413,1.40598,1.13464,0.81091,0.57104,0.25492,0.41004
2.70485,2016,6,Canada,North America,7.404,1.44015,1.0961,0.8276,0.5737,0.44834,0.31329
2.70749,2016,7,Netherlands,Western Europe,7.339,1.46468,1.02912,0.81231,0.55211,0.47416,0.29927
2.47553,2016,8,New Zealand,Australia and New Zealand,7.334,1.36066,1.17278,0.83096,0.58147,0.49401,0.41904
2.5465,2016,9,Australia,Australia and New Zealand,7.313,1.44443,1.10476,0.8512,0.56837,0.47407,0.32331
2.54734,2016,10,Sweden,Western Europe,7.291,1.45181,1.08764,0.83121,0.58218,0.38254,0.40867
3.31029,2016,11,Israel,Middle East and North Africa,7.267,1.33766,0.99537,0.84917,0.36432,0.32288,0.08728
2.69343,2016,12,Austria,Western Europe,7.119,1.45038,1.08383,0.80565,0.54355,0.32865,0.21348
2.72782,2016,13,United States,North America,7.104,1.50796,1.04782,0.779,0.48163,0.41077,0.14868
3.35168,2016,14,Costa Rica,Latin America and Caribbean,7.087,1.06879,1.02152,0.76146,0.55225,0.22553,0.10547
3.0076,2016,15,Puerto Rico,Latin America and Caribbean,7.039,1.35943,1.08113,0.77758,0.46823,0.22202,0.12275
2.50931,2016,16,Germany,Western Europe,6.994,1.44787,1.09774,0.81487,0.53466,0.30452,0.28551
3.50733,2016,17,Brazil,Latin America and Caribbean,6.952,1.08754,1.03938,0.61415,0.40425,0.15776,0.14166
2.61355,2016,18,Belgium,Western Europe,6.929,1.42539,1.05249,0.81959,0.51354,0.2424,0.26248
2.15988,2016,19,Ireland,Western Europe,6.907,1.48341,1.16157,0.81455,0.54008,0.44963,0.29754
2.11055,2016,20,Luxembourg,Western Europe,6.871,1.69752,1.03999,0.84542,0.5487,0.27571,0.35329
3.55906,2016,21,Mexico,Latin America and Caribbean,6.778,1.11508,0.7146,0.71143,0.37709,0.11735,0.18355
1.99375,2016,22,Singapore,South Asia,6.739,1.64555,0.86758,0.94719,0.4877,0.32706,0.46987
2.14999,2016,23,United Kingdom,Western Europe,6.725,1.40283,1.08672,0.80991,0.50036,0.50156,0.27399
2.95505,2016,24,Chile,Latin America and Caribbean,6.705,1.2167,0.90587,0.81883,0.37789,0.31595,0.11451
3.00559,2016,25,Panama,Latin America and Caribbean,6.701,1.18306,0.98912,0.70835,0.48927,0.2418,0.08423
3.12985,2016,26,Argentina,Latin America and Caribbean,6.65,1.15137,1.06612,0.69711,0.42284,0.10989,0.07296
2.96211,2016,27,Czech Republic,Central and Eastern Europe,6.596,1.30915,1.00793,0.76376,0.41418,0.09929,0.03986
2.21507,2016,28,United Arab Emirates,Middle East and North Africa,6.573,1.57352,0.87114,0.72993,0.56215,0.26591,0.35561
2.67139,2016,29,Uruguay,Latin America and Caribbean,6.545,1.18157,1.03143,0.72183,0.54388,0.18056,0.21394
1.99032,2016,30,Malta,Western Europe,6.488,1.30782,1.09879,0.80315,0.54994,0.56237,0.17554
3.17471,2016,31,Colombia,Latin America and Caribbean,6.481,1.03032,1.02169,0.59659,0.44735,0.15626,0.05399
2.4744,2016,32,France,Western Europe,6.478,1.39488,1.00508,0.83795,0.46562,0.1216,0.17808
2.5796,2016,33,Thailand,South Asia,6.474,1.0893,1.04477,0.64915,0.49553,0.58696,0.02833
2.61482,2016,34,Saudi Arabia,Middle East and North Africa,6.379,1.48953,0.84829,0.59267,0.37904,0.15457,0.30008
2.61523,2016,34,Taiwan,East Asia,6.379,1.39729,0.92624,0.79565,0.32377,0.25495,0.0663
1.58224,2016,36,Qatar,Middle East and North Africa,6.375,1.82427,0.87964,0.71723,0.56679,0.32388,0.48049
2.39663,2016,37,Spain,Western Europe,6.361,1.34253,1.12945,0.87896,0.37545,0.17665,0.06137
3.40904,2016,38,Algeria,Middle East and North Africa,6.355,1.05266,0.83309,0.61804,0.21006,0.07044,0.16157
3.19863,2016,39,Guatemala,Latin America and Caribbean,6.324,0.83454,0.87119,0.54039,0.50379,0.28808,0.08701
3.06852,2016,40,Suriname,Latin America and Caribbean,6.269,1.09686,0.77866,0.50933,0.52234,0.16665,0.12692
2.28085,2016,41,Kuwait,Middle East and North Africa,6.239,1.61714,0.87758,0.63569,0.43166,0.15965,0.23669
2.27405,2016,42,Bahrain,Middle East and North Africa,6.218,1.44024,0.94397,0.65696,0.47375,0.17147,0.25772
2.51394,2016,43,Trinidad and Tobago,Latin America and Caribbean,6.168,1.32572,0.98569,0.52608,0.48453,0.31935,0.01241
2.97468,2016,44,Venezuela,Latin America and Caribbean,6.084,1.13367,1.03302,0.61904,0.19847,0.0425,0.08304
2.61065,2016,45,Slovakia,Central and Eastern Europe,6.078,1.27973,1.08268,0.70367,0.23391,0.13837,0.02947
3.22134,2016,46,El Salvador,Latin America and Caribbean,6.068,0.8737,0.80975,0.596,0.37269,0.08877,0.10613
2.35384,2016,47,Malaysia,South Asia,6.005,1.25142,0.88025,0.62366,0.39031,0.41474,0.09081
2.82428,2016,48,Nicaragua,Latin America and Caribbean,5.992,0.69384,0.89521,0.65213,0.46582,0.29773,0.16292
2.34638,2016,49,Uzbekistan,Central and Eastern Europe,5.987,0.73591,1.1681,0.50163,0.60848,0.34326,0.28333
2.34918,2016,50,Italy,Western Europe,5.977,1.35495,1.04167,0.85102,0.18827,0.16684,0.02556
2.77366,2016,51,Ecuador,Latin America and Caribbean,5.976,0.97306,0.85974,0.68613,0.4027,0.10074,0.18037
3.08039,2016,52,Belize,Latin America and Caribbean,5.956,0.87616,0.68655,0.45569,0.51231,0.23684,0.10771
1.80584,2016,53,Japan,East Asia,5.921,1.38007,1.06054,0.91491,0.46761,0.10224,0.18985
2.49325,2016,54,Kazakhstan,Central and Eastern Europe,5.919,1.22943,0.95544,0.57386,0.4052,0.15011,0.11132
3.38007,2016,55,Moldova,Central and Eastern Europe,5.897,0.69177,0.83132,0.52309,0.25202,0.19997,0.01903
2.59115,2016,56,Russia,Central and Eastern Europe,5.856,1.23228,1.05261,0.58991,0.32682,0.02736,0.03586
2.20035,2016,57,Poland,Central and Eastern Europe,5.835,1.24585,1.04685,0.69058,0.4519,0.14443,0.055
2.35015,2016,57,South Korea,East Asia,5.835,1.35948,0.72194,0.88645,0.25168,0.18824,0.07716
2.91635,2016,59,Bolivia,Latin America and Caribbean,5.822,0.79422,0.83779,0.4697,0.50961,0.21698,0.07746
2.60525,2016,60,Lithuania,Central and Eastern Europe,5.813,1.2692,1.06411,0.64674,0.18929,0.02025,0.0182
2.38582,2016,61,Belarus,Central and Eastern Europe,5.802,1.13062,1.04993,0.63104,0.29091,0.13942,0.17457
1.93447,2016,62,Northern Cyprus,Western Europe,5.771,1.31141,0.81826,0.84142,0.43596,0.26322,0.16578
1.79522,2016,63,Slovenia,Central and Eastern Europe,5.768,1.29947,1.05613,0.79151,0.53164,0.25738,0.03635
2.73117,2016,64,Peru,Latin America and Caribbean,5.743,0.99602,0.81255,0.62994,0.37502,0.14527,0.05292
2.21489,2016,65,Turkmenistan,Central and Eastern Europe,5.658,1.08017,1.03817,0.44006,0.37408,0.22567,0.28467
2.20223,2016,66,Mauritius,Sub-Saharan Africa,5.648,1.14372,0.75695,0.66189,0.46145,0.36951,0.05203
2.39374,2016,67,Libya,Middle East and North Africa,5.615,1.06688,0.95076,0.52304,0.40672,0.17087,0.10339
2.20859,2016,68,Latvia,Central and Eastern Europe,5.56,1.21788,0.95025,0.63952,0.27996,0.17445,0.0889
2.04497,2016,69,Cyprus,Western Europe,5.546,1.31857,0.70697,0.8488,0.29507,0.27906,0.05228
2.16091,2016,70,Paraguay,Latin America and Caribbean,5.538,0.89373,1.11111,0.58295,0.46235,0.25296,0.07396
2.45184,2016,71,Romania,Central and Eastern Europe,5.528,1.1697,0.72803,0.67602,0.36712,0.12889,0.00679
1.81985,2016,72,Estonia,Central and Eastern Europe,5.517,1.27964,1.05163,0.68098,0.41511,0.08423,0.18519
2.35682,2016,73,Jamaica,Latin America and Caribbean,5.51,0.89333,0.96372,0.59469,0.43597,0.22245,0.04294
2.52462,2016,74,Croatia,Central and Eastern Europe,5.488,1.18649,0.60809,0.70524,0.23907,0.18434,0.04002
0.92614,2016,75,Hong Kong,East Asia,5.458,1.5107,0.87021,0.95277,0.48079,0.40097,0.31647
3.83772,2016,76,Somalia,Sub-Saharan Africa,5.44,0,0.33613,0.11466,0.56778,0.27225,0.3118
2.80998,2016,77,Kosovo,Central and Eastern Europe,5.401,0.90145,0.66062,0.54,0.14396,0.27992,0.06547
2.29074,2016,78,Turkey,Middle East and North Africa,5.389,1.16492,0.87717,0.64718,0.23889,0.04707,0.12348
2.03171,2016,79,Indonesia,South Asia,5.314,0.95104,0.87625,0.49374,0.39237,0.56521,0.00322
2.20142,2016,80,Jordan,Middle East and North Africa,5.303,0.99673,0.86216,0.60712,0.36023,0.14262,0.13297
2.2735,2016,81,Azerbaijan,Central and Eastern Europe,5.291,1.12373,0.76042,0.54504,0.35327,0.0564,0.17914
2.23484,2016,82,Philippines,South Asia,5.279,0.81217,0.87877,0.47036,0.54854,0.21674,0.11757
2.17087,2016,83,China,East Asia,5.245,1.0278,0.79381,0.73561,0.44012,0.04959,0.02745
1.82916,2016,84,Bhutan,South Asia,5.196,0.8527,0.90836,0.49759,0.46074,0.48546,0.1616
2.28136,2016,85,Kyrgyzstan,Central and Eastern Europe,5.185,0.56044,0.95434,0.55449,0.40212,0.38432,0.04762
2.27539,2016,86,Serbia,Central and Eastern Europe,5.177,1.03437,0.81329,0.6458,0.15718,0.20737,0.04339
2.48406,2016,87,Bosnia and Herzegovina,Central and Eastern Europe,5.163,0.93383,0.64367,0.70766,0.09511,0.29889,0
2.25531,2016,88,Montenegro,Central and Eastern Europe,5.161,1.07838,0.74173,0.63533,0.15111,0.17191,0.12721
1.69626,2016,89,Dominican Republic,Latin America and Caribbean,5.155,1.02787,0.99496,0.57669,0.52259,0.21286,0.12372
2.94891,2016,90,Morocco,Middle East and North Africa,5.151,0.84058,0.38595,0.59471,0.25646,0.04053,0.08404
1.95473,2016,91,Hungary,Central and Eastern Europe,5.145,1.24142,0.93164,0.67608,0.1977,0.099,0.04472
3.18286,2016,92,Pakistan,South Asia,5.132,0.68816,0.26135,0.40306,0.14622,0.31185,0.1388
2.07339,2016,93,Lebanon,Middle East and North Africa,5.129,1.12268,0.64184,0.76171,0.26228,0.23693,0.03061
1.53015,2016,94,Portugal,Western Europe,5.123,1.27607,0.94367,0.79363,0.44727,0.11691,0.01521
2.08947,2016,95,Macedonia,Central and Eastern Europe,5.121,1.0193,0.78236,0.64738,0.27668,0.23507,0.07047
1.9418,2016,96,Vietnam,South Asia,5.061,0.74037,0.79117,0.66157,0.55954,0.25075,0.11556
2.43801,2016,97,Somalia,Sub-Saharan Africa,5.057,0.25558,0.75862,0.33108,0.3913,0.51479,0.36794
2.68413,2016,98,Tunisia,Middle East and North Africa,5.045,0.97724,0.43165,0.59577,0.23553,0.03936,0.0817
2.12944,2016,99,Greece,Western Europe,5.033,1.24886,0.75473,0.80029,0.05822,0,0.04127
2.39106,2016,100,Tajikistan,Central and Eastern Europe,4.996,0.48835,0.75602,0.53119,0.43408,0.25998,0.13509
1.53586,2016,101,Mongolia,East Asia,4.907,0.98853,1.08983,0.55469,0.35972,0.34539,0.03285
2.08637,2016,102,Laos,South Asia,4.876,0.68042,0.5497,0.38291,0.52168,0.43079,0.22423
2.88586,2016,103,Nigeria,Sub-Saharan Africa,4.875,0.75216,0.64498,0.05108,0.27854,0.23219,0.0305
2.29551,2016,104,Honduras,Latin America and Caribbean,4.871,0.69429,0.75596,0.58383,0.26755,0.2044,0.06906
1.99817,2016,105,Iran,Middle East and North Africa,4.813,1.11758,0.38857,0.64232,0.22544,0.38538,0.0557
2.58991,2016,106,Zambia,Sub-Saharan Africa,4.795,0.61202,0.6376,0.23573,0.42662,0.17866,0.11479
2.32694,2016,107,Nepal,South Asia,4.793,0.44626,0.69699,0.50073,0.37012,0.3816,0.07008
2.40364,2016,108,Palestinian Territories,Middle East and North Africa,4.754,0.67024,0.71629,0.56844,0.17744,0.11154,0.10613
1.92816,2016,109,Albania,Central and Eastern Europe,4.655,0.9553,0.50163,0.73007,0.31866,0.1684,0.05301
2.60904,2016,110,Bangladesh,South Asia,4.643,0.54177,0.24749,0.52989,0.39778,0.19132,0.12583
3.01402,2016,111,Sierra Leone,Sub-Saharan Africa,4.635,0.36485,0.628,0,0.30685,0.23897,0.08196
1.81657,2016,112,Iraq,Middle East and North Africa,4.575,1.07474,0.59205,0.51076,0.24856,0.19589,0.13636
1.92198,2016,113,Namibia,Sub-Saharan Africa,4.574,0.93287,0.70362,0.34745,0.48614,0.07795,0.10398
2.5198,2016,114,Cameroon,Sub-Saharan Africa,4.513,0.52497,0.62542,0.12698,0.42736,0.2268,0.06126
2.65614,2016,115,Ethiopia,Sub-Saharan Africa,4.508,0.29283,0.37932,0.34578,0.36703,0.29522,0.1717
1.64227,2016,116,South Africa,Sub-Saharan Africa,4.459,1.02416,0.96053,0.18611,0.42483,0.13656,0.08415
0.91681,2016,117,Sri Lanka,South Asia,4.415,0.97318,0.84783,0.62007,0.50817,0.46978,0.07964
2.18032,2016,118,India,South Asia,4.404,0.74036,0.29247,0.45091,0.40285,0.25028,0.08722
1.50655,2016,119,Myanmar,South Asia,4.395,0.34112,0.69981,0.3988,0.42692,0.81971,0.20243
1.96895,2016,120,Egypt,Middle East and North Africa,4.362,0.95395,0.49813,0.52116,0.18847,0.12706,0.10393
1.97864,2016,121,Armenia,Central and Eastern Europe,4.36,0.86086,0.62477,0.64083,0.14037,0.07793,0.03616
1.88326,2016,122,Kenya,Sub-Saharan Africa,4.356,0.52267,0.7624,0.30147,0.40576,0.41328,0.06686
1.50066,2016,123,Ukraine,Central and Eastern Europe,4.324,0.87287,1.01413,0.58628,0.12859,0.20363,0.01829
2.2002,2016,124,Ghana,Sub-Saharan Africa,4.276,0.63107,0.49353,0.29681,0.40973,0.21203,0.0326
2.74924,2016,125,Congo (Kinshasa),Sub-Saharan Africa,4.272,0.05661,0.80676,0.188,0.15602,0.25458,0.06075
1.87031,2016,126,Georgia,Central and Eastern Europe,4.252,0.83792,0.19249,0.64035,0.32461,0.06786,0.3188
2.10681,2016,127,Congo (Brazzaville),Sub-Saharan Africa,4.236,0.77109,0.47799,0.28212,0.37938,0.12077,0.09753
1.97861,2016,128,Senegal,Sub-Saharan Africa,4.219,0.44314,0.77416,0.40457,0.31056,0.19103,0.11681
1.15377,2016,129,Bulgaria,Central and Eastern Europe,4.217,1.11306,0.92542,0.67806,0.21219,0.12793,0.00615
1.9263,2016,130,Mauritania,Sub-Saharan Africa,4.201,0.61391,0.84142,0.28639,0.1268,0.22686,0.17955
2.4427,2016,131,Zimbabwe,Sub-Saharan Africa,4.193,0.35041,0.71478,0.1595,0.25429,0.18503,0.08582
2.82859,2016,132,Malawi,Sub-Saharan Africa,4.156,0.08709,0.147,0.29364,0.4143,0.30968,0.07564
2.10995,2016,133,Sudan,Sub-Saharan Africa,4.139,0.63069,0.81928,0.29759,0,0.18077,0.10039
1.45332,2016,134,Gabon,Sub-Saharan Africa,4.121,1.15851,0.72368,0.3494,0.28098,0.06244,0.09314
2.11087,2016,135,Mali,Sub-Saharan Africa,4.073,0.31292,0.86333,0.16347,0.27544,0.21064,0.13647
2.37116,2016,136,Haiti,Latin America and Caribbean,4.028,0.34097,0.29561,0.27494,0.12072,0.47958,0.14476
0.96741,2016,137,Botswana,Sub-Saharan Africa,3.974,1.09426,0.89186,0.34752,0.44089,0.12425,0.10769
2.25632,2016,138,Comoros,Sub-Saharan Africa,3.956,0.27509,0.60323,0.29981,0.15412,0.1827,0.18437
1.97478,2016,139,Ivory Coast,Sub-Saharan Africa,3.916,0.55507,0.57576,0.04476,0.40663,0.20338,0.1553
1.31573,2016,140,Cambodia,South Asia,3.907,0.55604,0.5375,0.42494,0.58852,0.40339,0.08092
2.09459,2016,141,Angola,Sub-Saharan Africa,3.866,0.84731,0.66366,0.04991,0.00589,0.12071,0.08434
2.09469,2016,142,Niger,Sub-Saharan Africa,3.856,0.1327,0.6053,0.26162,0.38041,0.2097,0.17176
2.50929,2016,143,South Sudan,Sub-Saharan Africa,3.832,0.39394,0.18519,0.15781,0.19662,0.25899,0.13015
2.30637,2016,144,Chad,Sub-Saharan Africa,3.763,0.42214,0.63178,0.03824,0.12807,0.18667,0.04952
1.87319,2016,145,Burkina Faso,Sub-Saharan Africa,3.739,0.31995,0.63054,0.21297,0.3337,0.24353,0.12533
1.51416,2016,145,Uganda,Sub-Saharan Africa,3.739,0.34719,0.90981,0.19625,0.43653,0.27102,0.06442
1.97295,2016,147,Yemen,Middle East and North Africa,3.724,0.57939,0.47493,0.31048,0.2287,0.09821,0.05892
2.15075,2016,148,Madagascar,Sub-Saharan Africa,3.695,0.27954,0.46115,0.37109,0.13684,0.2204,0.07506
1.37769,2016,149,Tanzania,Sub-Saharan Africa,3.666,0.47155,0.77623,0.357,0.3176,0.31472,0.05099
2.23284,2016,150,Liberia,Sub-Saharan Africa,3.622,0.10706,0.50353,0.23165,0.25748,0.24063,0.04852
2.15604,2016,151,Guinea,Sub-Saharan Africa,3.607,0.22415,0.3109,0.18829,0.30953,0.29914,0.1192
0.96819,2016,152,Rwanda,Sub-Saharan Africa,3.515,0.32846,0.61586,0.31865,0.5432,0.23552,0.50521
2.10812,2016,153,Benin,Sub-Saharan Africa,3.484,0.39499,0.10419,0.21028,0.39747,0.2018,0.06681
2.14558,2016,154,Afghanistan,South Asia,3.36,0.38227,0.11037,0.17344,0.1643,0.31268,0.07112
2.1354,2016,155,Togo,Sub-Saharan Africa,3.303,0.28123,0,0.24811,0.34678,0.17517,0.11587
0.81789,2016,156,Syria,Middle East and North Africa,3.069,0.74719,0.14866,0.62994,0.06912,0.48397,0.17233
2.10404,2016,157,Burundi,Sub-Saharan Africa,2.905,0.06831,0.23442,0.15747,0.0432,0.2029,0.09419
